<?xml version="1.0" encoding="UTF-8"?>
<!--
 This error report was automatically generated
 by BugTrap for Win32-x86 on Thursday, December 18, 2025 8:56:27 AM
-->
<report version="1">
  <platform>Win32-x86</platform>
  <application>BugTrap AceTime</application>
  <version></version>
  <computer>DESKTOP-FS5MBM1</computer>
  <ips>
    <ip>192.168.5.5</ip>
    <ip>192.168.0.5</ip>
  </ips>
  <user>winn</user>
  <timestamp>134105217873100000</timestamp>
  <error>
    <what>ACCESS_VIOLATION</what>
    <process>
      <name>AceTime.exe</name>
      <id>6256</id>
    </process>
    <module>C:\WINDOWS\System32\ucrtbase.dll</module>
    <address>0023:7577EC46</address>
    <function>
      <name>iswlower</name>
      <offset>598</offset>
    </function>
    <file></file>
    <line>
      <number></number>
      <offset></offset>
    </line>
  </error>
  <usermsg></usermsg>
  <syserror>
    <code>0x0000007A</code>
    <description>시스템 호출에 전달된 데이터 영역이 너무 작습니다.</description>
  </syserror>
  <comerror>
    <description></description>
    <helpfile></helpfile>
    <source></source>
    <guid></guid>
  </comerror>
  <registers>
    <eax>0xFFFFFFFD</eax>
    <ebx>0x088DD2E0</ebx>
    <ecx>0xFFFFFFFF</ecx>
    <edx>0xFFFFFFFF</edx>
    <esi>0x088DD398</esi>
    <edi>0x00000000</edi>
    <esp>0x088DD2C8</esp>
    <ebp>0x088DD2D8</ebp>
    <eip>0x7577EC46</eip>
    <cs>0x0023</cs>
    <ds>0x002B</ds>
    <ss>0x002B</ss>
    <es>0x002B</es>
    <fs>0x0053</fs>
    <gs>0x002B</gs>
    <eflags>0x00010202</eflags>
  </registers>
  <cpus>
    <number>12</number>
    <architecture>Intel-x86</architecture>
    <cpu>
      <id>AMD64 Family 25 Model 117 Stepping 2</id>
      <speed>4342</speed>
      <description>AMD Ryzen 5 8600G w/ Radeon 760M Graphics</description>
    </cpu>
    <cpu>
      <id>AMD64 Family 25 Model 117 Stepping 2</id>
      <speed>4342</speed>
      <description>AMD Ryzen 5 8600G w/ Radeon 760M Graphics</description>
    </cpu>
    <cpu>
      <id>AMD64 Family 25 Model 117 Stepping 2</id>
      <speed>4342</speed>
      <description>AMD Ryzen 5 8600G w/ Radeon 760M Graphics</description>
    </cpu>
    <cpu>
      <id>AMD64 Family 25 Model 117 Stepping 2</id>
      <speed>4342</speed>
      <description>AMD Ryzen 5 8600G w/ Radeon 760M Graphics</description>
    </cpu>
    <cpu>
      <id>AMD64 Family 25 Model 117 Stepping 2</id>
      <speed>4342</speed>
      <description>AMD Ryzen 5 8600G w/ Radeon 760M Graphics</description>
    </cpu>
    <cpu>
      <id>AMD64 Family 25 Model 117 Stepping 2</id>
      <speed>4342</speed>
      <description>AMD Ryzen 5 8600G w/ Radeon 760M Graphics</description>
    </cpu>
    <cpu>
      <id>AMD64 Family 25 Model 117 Stepping 2</id>
      <speed>4342</speed>
      <description>AMD Ryzen 5 8600G w/ Radeon 760M Graphics</description>
    </cpu>
    <cpu>
      <id>AMD64 Family 25 Model 117 Stepping 2</id>
      <speed>4342</speed>
      <description>AMD Ryzen 5 8600G w/ Radeon 760M Graphics</description>
    </cpu>
    <cpu>
      <id>AMD64 Family 25 Model 117 Stepping 2</id>
      <speed>4342</speed>
      <description>AMD Ryzen 5 8600G w/ Radeon 760M Graphics</description>
    </cpu>
    <cpu>
      <id>AMD64 Family 25 Model 117 Stepping 2</id>
      <speed>4342</speed>
      <description>AMD Ryzen 5 8600G w/ Radeon 760M Graphics</description>
    </cpu>
    <cpu>
      <id>AMD64 Family 25 Model 117 Stepping 2</id>
      <speed>4342</speed>
      <description>AMD Ryzen 5 8600G w/ Radeon 760M Graphics</description>
    </cpu>
    <cpu>
      <id>AMD64 Family 25 Model 117 Stepping 2</id>
      <speed>4342</speed>
      <description>AMD Ryzen 5 8600G w/ Radeon 760M Graphics</description>
    </cpu>
  </cpus>
  <os>
    <version>Windows 8</version>
    <spack></spack>
    <build>9200</build>
  </os>
  <memory>
    <load>38</load>
    <totalphys>16285052928</totalphys>
    <availphys>10030575616</availphys>
    <totalpage>17358794752</totalpage>
    <availpage>9511575552</availpage>
  </memory>
  <threads>
    <thread>
      <id>15940</id>
      <status>interrupted</status>
      <stack>
        <frame>
          <module>C:\WINDOWS\System32\ucrtbase.dll</module>
          <address>0023:7577EC46</address>
          <function>
            <name>iswlower</name>
            <offset>598</offset>
          </function>
          <file></file>
          <line>
            <number></number>
            <offset></offset>
          </line>
        </frame>
        <frame>
          <module>C:\WINDOWS\System32\ucrtbase.dll</module>
          <address>0023:757422EC</address>
          <function>
            <name>_stdio_common_vswprintf</name>
            <offset>1948</offset>
          </function>
          <file></file>
          <line>
            <number></number>
            <offset></offset>
          </line>
        </frame>
        <frame>
          <module>C:\WINDOWS\System32\ucrtbase.dll</module>
          <address>0023:75741DB9</address>
          <function>
            <name>_stdio_common_vswprintf</name>
            <offset>617</offset>
          </function>
          <file></file>
          <line>
            <number></number>
            <offset></offset>
          </line>
        </frame>
        <frame>
          <module>C:\WINDOWS\SYSTEM32\mfc140u.dll</module>
          <address>0023:69DC6D16</address>
          <function>
            <name></name>
            <offset></offset>
          </function>
          <file></file>
          <line>
            <number></number>
            <offset></offset>
          </line>
        </frame>
        <frame>
          <module>C:\WINDOWS\SYSTEM32\mfc140u.dll</module>
          <address>0023:69DC6EB2</address>
          <function>
            <name></name>
            <offset></offset>
          </function>
          <file></file>
          <line>
            <number></number>
            <offset></offset>
          </line>
        </frame>
        <frame>
          <module>C:\AceTime\AceTime.exe</module>
          <address>0023:00EED26F</address>
          <function>
            <name></name>
            <offset></offset>
          </function>
          <file></file>
          <line>
            <number></number>
            <offset></offset>
          </line>
        </frame>
        <frame>
          <module>C:\AceTime\AceTime.exe</module>
          <address>0023:00EEB837</address>
          <function>
            <name></name>
            <offset></offset>
          </function>
          <file></file>
          <line>
            <number></number>
            <offset></offset>
          </line>
        </frame>
        <frame>
          <module>C:\AceTime\AceTime.exe</module>
          <address>0023:00EED63B</address>
          <function>
            <name></name>
            <offset></offset>
          </function>
          <file></file>
          <line>
            <number></number>
            <offset></offset>
          </line>
        </frame>
        <frame>
          <module>C:\WINDOWS\SYSTEM32\mfc140u.dll</module>
          <address>0023:69FCAABC</address>
          <function>
            <name></name>
            <offset></offset>
          </function>
          <file></file>
          <line>
            <number></number>
            <offset></offset>
          </line>
        </frame>
        <frame>
          <module>C:\WINDOWS\System32\ucrtbase.dll</module>
          <address>0023:7579E9EB</address>
          <function>
            <name>isgraph</name>
            <offset>539</offset>
          </function>
          <file></file>
          <line>
            <number></number>
            <offset></offset>
          </line>
        </frame>
        <frame>
          <module>C:\WINDOWS\System32\KERNEL32.DLL</module>
          <address>0023:76705D49</address>
          <function>
            <name>BaseThreadInitThunk</name>
            <offset>25</offset>
          </function>
          <file></file>
          <line>
            <number></number>
            <offset></offset>
          </line>
        </frame>
        <frame>
          <module>C:\WINDOWS\SYSTEM32\ntdll.dll</module>
          <address>0023:77D1D5DB</address>
          <function>
            <name>RtlInitializeExceptionChain</name>
            <offset>107</offset>
          </function>
          <file></file>
          <line>
            <number></number>
            <offset></offset>
          </line>
        </frame>
        <frame>
          <module>C:\WINDOWS\SYSTEM32\ntdll.dll</module>
          <address>0023:77D1D561</address>
          <function>
            <name>RtlGetAppContainerNamedObjectPath</name>
            <offset>561</offset>
          </function>
          <file></file>
          <line>
            <number></number>
            <offset></offset>
          </line>
        </frame>
      </stack>
    </thread>
    <thread>
      <id>8148</id>
      <status>running</status>
      <stack>
        <frame>
          <module>C:\WINDOWS\System32\win32u.dll</module>
          <address>0023:77C4119C</address>
          <function>
            <name>NtUserGetMessage</name>
            <offset>12</offset>
          </function>
          <file></file>
          <line>
            <number></number>
            <offset></offset>
          </line>
        </frame>
        <frame>
          <module>C:\WINDOWS\SYSTEM32\mfc140u.dll</module>
          <address>0023:69FCAB68</address>
          <function>
            <name></name>
            <offset></offset>
          </function>
          <file></file>
          <line>
            <number></number>
            <offset></offset>
          </line>
        </frame>
        <frame>
          <module>C:\WINDOWS\SYSTEM32\mfc140u.dll</module>
          <address>0023:69F7444D</address>
          <function>
            <name></name>
            <offset></offset>
          </function>
          <file></file>
          <line>
            <number></number>
            <offset></offset>
          </line>
        </frame>
        <frame>
          <module>C:\WINDOWS\SYSTEM32\mfc140u.dll</module>
          <address>0023:69F74738</address>
          <function>
            <name></name>
            <offset></offset>
          </function>
          <file></file>
          <line>
            <number></number>
            <offset></offset>
          </line>
        </frame>
        <frame>
          <module>C:\AceTime\AceTime.exe</module>
          <address>0023:00FBBD37</address>
          <function>
            <name></name>
            <offset></offset>
          </function>
          <file></file>
          <line>
            <number></number>
            <offset></offset>
          </line>
        </frame>
        <frame>
          <module>C:\WINDOWS\SYSTEM32\mfc140u.dll</module>
          <address>0023:69FF3F80</address>
          <function>
            <name></name>
            <offset></offset>
          </function>
          <file></file>
          <line>
            <number></number>
            <offset></offset>
          </line>
        </frame>
        <frame>
          <module>C:\AceTime\AceTime.exe</module>
          <address>0023:00FDE077</address>
          <function>
            <name></name>
            <offset></offset>
          </function>
          <file></file>
          <line>
            <number></number>
            <offset></offset>
          </line>
        </frame>
        <frame>
          <module>C:\WINDOWS\System32\KERNEL32.DLL</module>
          <address>0023:76705D49</address>
          <function>
            <name>BaseThreadInitThunk</name>
            <offset>25</offset>
          </function>
          <file></file>
          <line>
            <number></number>
            <offset></offset>
          </line>
        </frame>
        <frame>
          <module>C:\WINDOWS\SYSTEM32\ntdll.dll</module>
          <address>0023:77D1D5DB</address>
          <function>
            <name>RtlInitializeExceptionChain</name>
            <offset>107</offset>
          </function>
          <file></file>
          <line>
            <number></number>
            <offset></offset>
          </line>
        </frame>
        <frame>
          <module>C:\WINDOWS\SYSTEM32\ntdll.dll</module>
          <address>0023:77D1D561</address>
          <function>
            <name>RtlGetAppContainerNamedObjectPath</name>
            <offset>561</offset>
          </function>
          <file></file>
          <line>
            <number></number>
            <offset></offset>
          </line>
        </frame>
      </stack>
    </thread>
    <thread>
      <id>9420</id>
      <status>running</status>
      <stack>
        <frame>
          <module>C:\WINDOWS\System32\win32u.dll</module>
          <address>0023:77C45E8C</address>
          <function>
            <name>NtUserMsgWaitForMultipleObjectsEx</name>
            <offset>12</offset>
          </function>
          <file></file>
          <line>
            <number></number>
            <offset></offset>
          </line>
        </frame>
        <frame>
          <module>C:\WINDOWS\System32\USER32.dll</module>
          <address>0023:75D536AF</address>
          <function>
            <name>MsgWaitForMultipleObjects</name>
            <offset>31</offset>
          </function>
          <file></file>
          <line>
            <number></number>
            <offset></offset>
          </line>
        </frame>
        <frame>
          <module>C:\WINDOWS\WinSxS\x86_microsoft.windows.gdiplus_6595b64144ccf1df_1.1.26100.7309_none_b69e28a752454318\gdiplus.dll</module>
          <address>0023:74D6C55D</address>
          <function>
            <name>GdiplusStartup</name>
            <offset>7453</offset>
          </function>
          <file></file>
          <line>
            <number></number>
            <offset></offset>
          </line>
        </frame>
        <frame>
          <module>C:\WINDOWS\WinSxS\x86_microsoft.windows.gdiplus_6595b64144ccf1df_1.1.26100.7309_none_b69e28a752454318\gdiplus.dll</module>
          <address>0023:74D6C4EA</address>
          <function>
            <name>GdiplusStartup</name>
            <offset>7338</offset>
          </function>
          <file></file>
          <line>
            <number></number>
            <offset></offset>
          </line>
        </frame>
        <frame>
          <module>C:\WINDOWS\System32\KERNEL32.DLL</module>
          <address>0023:76705D49</address>
          <function>
            <name>BaseThreadInitThunk</name>
            <offset>25</offset>
          </function>
          <file></file>
          <line>
            <number></number>
            <offset></offset>
          </line>
        </frame>
        <frame>
          <module>C:\WINDOWS\SYSTEM32\ntdll.dll</module>
          <address>0023:77D1D5DB</address>
          <function>
            <name>RtlInitializeExceptionChain</name>
            <offset>107</offset>
          </function>
          <file></file>
          <line>
            <number></number>
            <offset></offset>
          </line>
        </frame>
        <frame>
          <module>C:\WINDOWS\SYSTEM32\ntdll.dll</module>
          <address>0023:77D1D561</address>
          <function>
            <name>RtlGetAppContainerNamedObjectPath</name>
            <offset>561</offset>
          </function>
          <file></file>
          <line>
            <number></number>
            <offset></offset>
          </line>
        </frame>
      </stack>
    </thread>
    <thread>
      <id>9924</id>
      <status>running</status>
      <stack>
        <frame>
          <module>C:\WINDOWS\SYSTEM32\ntdll.dll</module>
          <address>0023:77D28FAC</address>
          <function>
            <name>ZwRemoveIoCompletion</name>
            <offset>12</offset>
          </function>
          <file></file>
          <line>
            <number></number>
            <offset></offset>
          </line>
        </frame>
        <frame>
          <module>C:\WINDOWS\System32\KERNEL32.DLL</module>
          <address>0023:76705D49</address>
          <function>
            <name>BaseThreadInitThunk</name>
            <offset>25</offset>
          </function>
          <file></file>
          <line>
            <number></number>
            <offset></offset>
          </line>
        </frame>
        <frame>
          <module>C:\WINDOWS\SYSTEM32\ntdll.dll</module>
          <address>0023:77D1D5DB</address>
          <function>
            <name>RtlInitializeExceptionChain</name>
            <offset>107</offset>
          </function>
          <file></file>
          <line>
            <number></number>
            <offset></offset>
          </line>
        </frame>
        <frame>
          <module>C:\WINDOWS\SYSTEM32\ntdll.dll</module>
          <address>0023:77D1D561</address>
          <function>
            <name>RtlGetAppContainerNamedObjectPath</name>
            <offset>561</offset>
          </function>
          <file></file>
          <line>
            <number></number>
            <offset></offset>
          </line>
        </frame>
      </stack>
    </thread>
    <thread>
      <id>1416</id>
      <status>running</status>
      <stack>
        <frame>
          <module>C:\WINDOWS\SYSTEM32\ntdll.dll</module>
          <address>0023:77D2927C</address>
          <function>
            <name>ZwDelayExecution</name>
            <offset>12</offset>
          </function>
          <file></file>
          <line>
            <number></number>
            <offset></offset>
          </line>
        </frame>
        <frame>
          <module>C:\WINDOWS\System32\KERNELBASE.dll</module>
          <address>0023:75BC0900</address>
          <function>
            <name>SleepEx</name>
            <offset>80</offset>
          </function>
          <file></file>
          <line>
            <number></number>
            <offset></offset>
          </line>
        </frame>
        <frame>
          <module>C:\WINDOWS\System32\KERNELBASE.dll</module>
          <address>0023:75BC089F</address>
          <function>
            <name>Sleep</name>
            <offset>15</offset>
          </function>
          <file></file>
          <line>
            <number></number>
            <offset></offset>
          </line>
        </frame>
        <frame>
          <module>C:\AceTime\fmxPrevLib.dll</module>
          <address>0023:698E2CC1</address>
          <function>
            <name>CMIDATA::EnrollUserData::AsJSONString</name>
            <offset>17121</offset>
          </function>
          <file></file>
          <line>
            <number></number>
            <offset></offset>
          </line>
        </frame>
        <frame>
          <module>C:\AceTime\PocoFoundation.dll</module>
          <address>0023:694669FB</address>
          <function>
            <name>Poco::ThreadImpl::runnableEntry</name>
            <offset>91</offset>
          </function>
          <file></file>
          <line>
            <number></number>
            <offset></offset>
          </line>
        </frame>
        <frame>
          <module>C:\WINDOWS\System32\KERNEL32.DLL</module>
          <address>0023:76705D49</address>
          <function>
            <name>BaseThreadInitThunk</name>
            <offset>25</offset>
          </function>
          <file></file>
          <line>
            <number></number>
            <offset></offset>
          </line>
        </frame>
        <frame>
          <module>C:\WINDOWS\SYSTEM32\ntdll.dll</module>
          <address>0023:77D1D5DB</address>
          <function>
            <name>RtlInitializeExceptionChain</name>
            <offset>107</offset>
          </function>
          <file></file>
          <line>
            <number></number>
            <offset></offset>
          </line>
        </frame>
        <frame>
          <module>C:\WINDOWS\SYSTEM32\ntdll.dll</module>
          <address>0023:77D1D561</address>
          <function>
            <name>RtlGetAppContainerNamedObjectPath</name>
            <offset>561</offset>
          </function>
          <file></file>
          <line>
            <number></number>
            <offset></offset>
          </line>
        </frame>
      </stack>
    </thread>
    <thread>
      <id>9160</id>
      <status>running</status>
      <stack>
        <frame>
          <module>C:\WINDOWS\SYSTEM32\ntdll.dll</module>
          <address>0023:77D2927C</address>
          <function>
            <name>ZwDelayExecution</name>
            <offset>12</offset>
          </function>
          <file></file>
          <line>
            <number></number>
            <offset></offset>
          </line>
        </frame>
        <frame>
          <module>C:\WINDOWS\System32\KERNELBASE.dll</module>
          <address>0023:75BC0900</address>
          <function>
            <name>SleepEx</name>
            <offset>80</offset>
          </function>
          <file></file>
          <line>
            <number></number>
            <offset></offset>
          </line>
        </frame>
        <frame>
          <module>C:\WINDOWS\System32\KERNELBASE.dll</module>
          <address>0023:75BC089F</address>
          <function>
            <name>Sleep</name>
            <offset>15</offset>
          </function>
          <file></file>
          <line>
            <number></number>
            <offset></offset>
          </line>
        </frame>
        <frame>
          <module>C:\AceTime\fmxPrevLib.dll</module>
          <address>0023:698C5E6B</address>
          <function>
            <name>CMIDATA::LogInfoData::GetDateType</name>
            <offset>121835</offset>
          </function>
          <file></file>
          <line>
            <number></number>
            <offset></offset>
          </line>
        </frame>
        <frame>
          <module>C:\AceTime\PocoFoundation.dll</module>
          <address>0023:694669FB</address>
          <function>
            <name>Poco::ThreadImpl::runnableEntry</name>
            <offset>91</offset>
          </function>
          <file></file>
          <line>
            <number></number>
            <offset></offset>
          </line>
        </frame>
        <frame>
          <module>C:\WINDOWS\System32\KERNEL32.DLL</module>
          <address>0023:76705D49</address>
          <function>
            <name>BaseThreadInitThunk</name>
            <offset>25</offset>
          </function>
          <file></file>
          <line>
            <number></number>
            <offset></offset>
          </line>
        </frame>
        <frame>
          <module>C:\WINDOWS\SYSTEM32\ntdll.dll</module>
          <address>0023:77D1D5DB</address>
          <function>
            <name>RtlInitializeExceptionChain</name>
            <offset>107</offset>
          </function>
          <file></file>
          <line>
            <number></number>
            <offset></offset>
          </line>
        </frame>
        <frame>
          <module>C:\WINDOWS\SYSTEM32\ntdll.dll</module>
          <address>0023:77D1D561</address>
          <function>
            <name>RtlGetAppContainerNamedObjectPath</name>
            <offset>561</offset>
          </function>
          <file></file>
          <line>
            <number></number>
            <offset></offset>
          </line>
        </frame>
      </stack>
    </thread>
    <thread>
      <id>7976</id>
      <status>running</status>
      <stack>
        <frame>
          <module>C:\WINDOWS\SYSTEM32\ntdll.dll</module>
          <address>0023:77D2927C</address>
          <function>
            <name>ZwDelayExecution</name>
            <offset>12</offset>
          </function>
          <file></file>
          <line>
            <number></number>
            <offset></offset>
          </line>
        </frame>
        <frame>
          <module>C:\WINDOWS\System32\KERNELBASE.dll</module>
          <address>0023:75BC0900</address>
          <function>
            <name>SleepEx</name>
            <offset>80</offset>
          </function>
          <file></file>
          <line>
            <number></number>
            <offset></offset>
          </line>
        </frame>
        <frame>
          <module>C:\WINDOWS\System32\KERNELBASE.dll</module>
          <address>0023:75BC089F</address>
          <function>
            <name>Sleep</name>
            <offset>15</offset>
          </function>
          <file></file>
          <line>
            <number></number>
            <offset></offset>
          </line>
        </frame>
        <frame>
          <module>C:\AceTime\fmxPrevLib.dll</module>
          <address>0023:698C37E4</address>
          <function>
            <name>CMIDATA::LogInfoData::GetDateType</name>
            <offset>111972</offset>
          </function>
          <file></file>
          <line>
            <number></number>
            <offset></offset>
          </line>
        </frame>
        <frame>
          <module>C:\AceTime\PocoFoundation.dll</module>
          <address>0023:694688A9</address>
          <function>
            <name>Poco::ThreadPool::joinAll</name>
            <offset>505</offset>
          </function>
          <file></file>
          <line>
            <number></number>
            <offset></offset>
          </line>
        </frame>
        <frame>
          <module>C:\AceTime\PocoFoundation.dll</module>
          <address>0023:694669FB</address>
          <function>
            <name>Poco::ThreadImpl::runnableEntry</name>
            <offset>91</offset>
          </function>
          <file></file>
          <line>
            <number></number>
            <offset></offset>
          </line>
        </frame>
        <frame>
          <module>C:\WINDOWS\System32\KERNEL32.DLL</module>
          <address>0023:76705D49</address>
          <function>
            <name>BaseThreadInitThunk</name>
            <offset>25</offset>
          </function>
          <file></file>
          <line>
            <number></number>
            <offset></offset>
          </line>
        </frame>
        <frame>
          <module>C:\WINDOWS\SYSTEM32\ntdll.dll</module>
          <address>0023:77D1D5DB</address>
          <function>
            <name>RtlInitializeExceptionChain</name>
            <offset>107</offset>
          </function>
          <file></file>
          <line>
            <number></number>
            <offset></offset>
          </line>
        </frame>
        <frame>
          <module>C:\WINDOWS\SYSTEM32\ntdll.dll</module>
          <address>0023:77D1D561</address>
          <function>
            <name>RtlGetAppContainerNamedObjectPath</name>
            <offset>561</offset>
          </function>
          <file></file>
          <line>
            <number></number>
            <offset></offset>
          </line>
        </frame>
      </stack>
    </thread>
    <thread>
      <id>5548</id>
      <status>running</status>
      <stack>
        <frame>
          <module>C:\WINDOWS\SYSTEM32\ntdll.dll</module>
          <address>0023:77D28F5C</address>
          <function>
            <name>ZwWaitForSingleObject</name>
            <offset>12</offset>
          </function>
          <file></file>
          <line>
            <number></number>
            <offset></offset>
          </line>
        </frame>
        <frame>
          <module>C:\WINDOWS\System32\KERNELBASE.dll</module>
          <address>0023:75BB5E22</address>
          <function>
            <name>WaitForSingleObject</name>
            <offset>18</offset>
          </function>
          <file></file>
          <line>
            <number></number>
            <offset></offset>
          </line>
        </frame>
        <frame>
          <module>C:\AceTime\PocoFoundation.dll</module>
          <address>0023:694652F5</address>
          <function>
            <name>Poco::EventImpl::waitImpl</name>
            <offset>37</offset>
          </function>
          <file></file>
          <line>
            <number></number>
            <offset></offset>
          </line>
        </frame>
        <frame>
          <module>C:\AceTime\PocoFoundation.dll</module>
          <address>0023:6946887C</address>
          <function>
            <name>Poco::ThreadPool::joinAll</name>
            <offset>460</offset>
          </function>
          <file></file>
          <line>
            <number></number>
            <offset></offset>
          </line>
        </frame>
        <frame>
          <module>C:\AceTime\PocoFoundation.dll</module>
          <address>0023:694669FB</address>
          <function>
            <name>Poco::ThreadImpl::runnableEntry</name>
            <offset>91</offset>
          </function>
          <file></file>
          <line>
            <number></number>
            <offset></offset>
          </line>
        </frame>
        <frame>
          <module>C:\WINDOWS\System32\KERNEL32.DLL</module>
          <address>0023:76705D49</address>
          <function>
            <name>BaseThreadInitThunk</name>
            <offset>25</offset>
          </function>
          <file></file>
          <line>
            <number></number>
            <offset></offset>
          </line>
        </frame>
        <frame>
          <module>C:\WINDOWS\SYSTEM32\ntdll.dll</module>
          <address>0023:77D1D5DB</address>
          <function>
            <name>RtlInitializeExceptionChain</name>
            <offset>107</offset>
          </function>
          <file></file>
          <line>
            <number></number>
            <offset></offset>
          </line>
        </frame>
        <frame>
          <module>C:\WINDOWS\SYSTEM32\ntdll.dll</module>
          <address>0023:77D1D561</address>
          <function>
            <name>RtlGetAppContainerNamedObjectPath</name>
            <offset>561</offset>
          </function>
          <file></file>
          <line>
            <number></number>
            <offset></offset>
          </line>
        </frame>
      </stack>
    </thread>
    <thread>
      <id>1772</id>
      <status>running</status>
      <stack>
        <frame>
          <module>C:\WINDOWS\SYSTEM32\ntdll.dll</module>
          <address>0023:77D28F5C</address>
          <function>
            <name>ZwWaitForSingleObject</name>
            <offset>12</offset>
          </function>
          <file></file>
          <line>
            <number></number>
            <offset></offset>
          </line>
        </frame>
        <frame>
          <module>C:\WINDOWS\System32\KERNELBASE.dll</module>
          <address>0023:75BB5E22</address>
          <function>
            <name>WaitForSingleObject</name>
            <offset>18</offset>
          </function>
          <file></file>
          <line>
            <number></number>
            <offset></offset>
          </line>
        </frame>
        <frame>
          <module>C:\AceTime\PocoFoundation.dll</module>
          <address>0023:694652F5</address>
          <function>
            <name>Poco::EventImpl::waitImpl</name>
            <offset>37</offset>
          </function>
          <file></file>
          <line>
            <number></number>
            <offset></offset>
          </line>
        </frame>
        <frame>
          <module>C:\AceTime\PocoFoundation.dll</module>
          <address>0023:6946887C</address>
          <function>
            <name>Poco::ThreadPool::joinAll</name>
            <offset>460</offset>
          </function>
          <file></file>
          <line>
            <number></number>
            <offset></offset>
          </line>
        </frame>
        <frame>
          <module>C:\AceTime\PocoFoundation.dll</module>
          <address>0023:694669FB</address>
          <function>
            <name>Poco::ThreadImpl::runnableEntry</name>
            <offset>91</offset>
          </function>
          <file></file>
          <line>
            <number></number>
            <offset></offset>
          </line>
        </frame>
        <frame>
          <module>C:\WINDOWS\System32\KERNEL32.DLL</module>
          <address>0023:76705D49</address>
          <function>
            <name>BaseThreadInitThunk</name>
            <offset>25</offset>
          </function>
          <file></file>
          <line>
            <number></number>
            <offset></offset>
          </line>
        </frame>
        <frame>
          <module>C:\WINDOWS\SYSTEM32\ntdll.dll</module>
          <address>0023:77D1D5DB</address>
          <function>
            <name>RtlInitializeExceptionChain</name>
            <offset>107</offset>
          </function>
          <file></file>
          <line>
            <number></number>
            <offset></offset>
          </line>
        </frame>
        <frame>
          <module>C:\WINDOWS\SYSTEM32\ntdll.dll</module>
          <address>0023:77D1D561</address>
          <function>
            <name>RtlGetAppContainerNamedObjectPath</name>
            <offset>561</offset>
          </function>
          <file></file>
          <line>
            <number></number>
            <offset></offset>
          </line>
        </frame>
      </stack>
    </thread>
    <thread>
      <id>5728</id>
      <status>running</status>
      <stack>
        <frame>
          <module>C:\WINDOWS\SYSTEM32\ntdll.dll</module>
          <address>0023:77D28F5C</address>
          <function>
            <name>ZwWaitForSingleObject</name>
            <offset>12</offset>
          </function>
          <file></file>
          <line>
            <number></number>
            <offset></offset>
          </line>
        </frame>
        <frame>
          <module>C:\WINDOWS\System32\KERNELBASE.dll</module>
          <address>0023:75BB5E22</address>
          <function>
            <name>WaitForSingleObject</name>
            <offset>18</offset>
          </function>
          <file></file>
          <line>
            <number></number>
            <offset></offset>
          </line>
        </frame>
        <frame>
          <module>C:\AceTime\PocoFoundation.dll</module>
          <address>0023:694652F5</address>
          <function>
            <name>Poco::EventImpl::waitImpl</name>
            <offset>37</offset>
          </function>
          <file></file>
          <line>
            <number></number>
            <offset></offset>
          </line>
        </frame>
        <frame>
          <module>C:\AceTime\PocoFoundation.dll</module>
          <address>0023:6946887C</address>
          <function>
            <name>Poco::ThreadPool::joinAll</name>
            <offset>460</offset>
          </function>
          <file></file>
          <line>
            <number></number>
            <offset></offset>
          </line>
        </frame>
        <frame>
          <module>C:\AceTime\PocoFoundation.dll</module>
          <address>0023:694669FB</address>
          <function>
            <name>Poco::ThreadImpl::runnableEntry</name>
            <offset>91</offset>
          </function>
          <file></file>
          <line>
            <number></number>
            <offset></offset>
          </line>
        </frame>
        <frame>
          <module>C:\WINDOWS\System32\KERNEL32.DLL</module>
          <address>0023:76705D49</address>
          <function>
            <name>BaseThreadInitThunk</name>
            <offset>25</offset>
          </function>
          <file></file>
          <line>
            <number></number>
            <offset></offset>
          </line>
        </frame>
        <frame>
          <module>C:\WINDOWS\SYSTEM32\ntdll.dll</module>
          <address>0023:77D1D5DB</address>
          <function>
            <name>RtlInitializeExceptionChain</name>
            <offset>107</offset>
          </function>
          <file></file>
          <line>
            <number></number>
            <offset></offset>
          </line>
        </frame>
        <frame>
          <module>C:\WINDOWS\SYSTEM32\ntdll.dll</module>
          <address>0023:77D1D561</address>
          <function>
            <name>RtlGetAppContainerNamedObjectPath</name>
            <offset>561</offset>
          </function>
          <file></file>
          <line>
            <number></number>
            <offset></offset>
          </line>
        </frame>
      </stack>
    </thread>
    <thread>
      <id>7340</id>
      <status>running</status>
      <stack>
        <frame>
          <module>C:\WINDOWS\SYSTEM32\ntdll.dll</module>
          <address>0023:77D28F5C</address>
          <function>
            <name>ZwWaitForSingleObject</name>
            <offset>12</offset>
          </function>
          <file></file>
          <line>
            <number></number>
            <offset></offset>
          </line>
        </frame>
        <frame>
          <module>C:\WINDOWS\System32\KERNELBASE.dll</module>
          <address>0023:75BB5E22</address>
          <function>
            <name>WaitForSingleObject</name>
            <offset>18</offset>
          </function>
          <file></file>
          <line>
            <number></number>
            <offset></offset>
          </line>
        </frame>
        <frame>
          <module>C:\AceTime\PocoFoundation.dll</module>
          <address>0023:694652F5</address>
          <function>
            <name>Poco::EventImpl::waitImpl</name>
            <offset>37</offset>
          </function>
          <file></file>
          <line>
            <number></number>
            <offset></offset>
          </line>
        </frame>
        <frame>
          <module>C:\AceTime\PocoFoundation.dll</module>
          <address>0023:6946887C</address>
          <function>
            <name>Poco::ThreadPool::joinAll</name>
            <offset>460</offset>
          </function>
          <file></file>
          <line>
            <number></number>
            <offset></offset>
          </line>
        </frame>
        <frame>
          <module>C:\AceTime\PocoFoundation.dll</module>
          <address>0023:694669FB</address>
          <function>
            <name>Poco::ThreadImpl::runnableEntry</name>
            <offset>91</offset>
          </function>
          <file></file>
          <line>
            <number></number>
            <offset></offset>
          </line>
        </frame>
        <frame>
          <module>C:\WINDOWS\System32\KERNEL32.DLL</module>
          <address>0023:76705D49</address>
          <function>
            <name>BaseThreadInitThunk</name>
            <offset>25</offset>
          </function>
          <file></file>
          <line>
            <number></number>
            <offset></offset>
          </line>
        </frame>
        <frame>
          <module>C:\WINDOWS\SYSTEM32\ntdll.dll</module>
          <address>0023:77D1D5DB</address>
          <function>
            <name>RtlInitializeExceptionChain</name>
            <offset>107</offset>
          </function>
          <file></file>
          <line>
            <number></number>
            <offset></offset>
          </line>
        </frame>
        <frame>
          <module>C:\WINDOWS\SYSTEM32\ntdll.dll</module>
          <address>0023:77D1D561</address>
          <function>
            <name>RtlGetAppContainerNamedObjectPath</name>
            <offset>561</offset>
          </function>
          <file></file>
          <line>
            <number></number>
            <offset></offset>
          </line>
        </frame>
      </stack>
    </thread>
    <thread>
      <id>10980</id>
      <status>running</status>
      <stack>
        <frame>
          <module>C:\WINDOWS\SYSTEM32\ntdll.dll</module>
          <address>0023:77D28F5C</address>
          <function>
            <name>ZwWaitForSingleObject</name>
            <offset>12</offset>
          </function>
          <file></file>
          <line>
            <number></number>
            <offset></offset>
          </line>
        </frame>
        <frame>
          <module>C:\WINDOWS\System32\KERNELBASE.dll</module>
          <address>0023:75BB5E22</address>
          <function>
            <name>WaitForSingleObject</name>
            <offset>18</offset>
          </function>
          <file></file>
          <line>
            <number></number>
            <offset></offset>
          </line>
        </frame>
        <frame>
          <module>C:\AceTime\PocoFoundation.dll</module>
          <address>0023:694652F5</address>
          <function>
            <name>Poco::EventImpl::waitImpl</name>
            <offset>37</offset>
          </function>
          <file></file>
          <line>
            <number></number>
            <offset></offset>
          </line>
        </frame>
        <frame>
          <module>C:\AceTime\PocoFoundation.dll</module>
          <address>0023:6946887C</address>
          <function>
            <name>Poco::ThreadPool::joinAll</name>
            <offset>460</offset>
          </function>
          <file></file>
          <line>
            <number></number>
            <offset></offset>
          </line>
        </frame>
        <frame>
          <module>C:\AceTime\PocoFoundation.dll</module>
          <address>0023:694669FB</address>
          <function>
            <name>Poco::ThreadImpl::runnableEntry</name>
            <offset>91</offset>
          </function>
          <file></file>
          <line>
            <number></number>
            <offset></offset>
          </line>
        </frame>
        <frame>
          <module>C:\WINDOWS\System32\KERNEL32.DLL</module>
          <address>0023:76705D49</address>
          <function>
            <name>BaseThreadInitThunk</name>
            <offset>25</offset>
          </function>
          <file></file>
          <line>
            <number></number>
            <offset></offset>
          </line>
        </frame>
        <frame>
          <module>C:\WINDOWS\SYSTEM32\ntdll.dll</module>
          <address>0023:77D1D5DB</address>
          <function>
            <name>RtlInitializeExceptionChain</name>
            <offset>107</offset>
          </function>
          <file></file>
          <line>
            <number></number>
            <offset></offset>
          </line>
        </frame>
        <frame>
          <module>C:\WINDOWS\SYSTEM32\ntdll.dll</module>
          <address>0023:77D1D561</address>
          <function>
            <name>RtlGetAppContainerNamedObjectPath</name>
            <offset>561</offset>
          </function>
          <file></file>
          <line>
            <number></number>
            <offset></offset>
          </line>
        </frame>
      </stack>
    </thread>
    <thread>
      <id>8288</id>
      <status>running</status>
      <stack>
        <frame>
          <module>C:\WINDOWS\SYSTEM32\ntdll.dll</module>
          <address>0023:77D28F5C</address>
          <function>
            <name>ZwWaitForSingleObject</name>
            <offset>12</offset>
          </function>
          <file></file>
          <line>
            <number></number>
            <offset></offset>
          </line>
        </frame>
        <frame>
          <module>C:\WINDOWS\System32\KERNELBASE.dll</module>
          <address>0023:75BB5E22</address>
          <function>
            <name>WaitForSingleObject</name>
            <offset>18</offset>
          </function>
          <file></file>
          <line>
            <number></number>
            <offset></offset>
          </line>
        </frame>
        <frame>
          <module>C:\AceTime\PocoFoundation.dll</module>
          <address>0023:694652F5</address>
          <function>
            <name>Poco::EventImpl::waitImpl</name>
            <offset>37</offset>
          </function>
          <file></file>
          <line>
            <number></number>
            <offset></offset>
          </line>
        </frame>
        <frame>
          <module>C:\AceTime\PocoFoundation.dll</module>
          <address>0023:6946887C</address>
          <function>
            <name>Poco::ThreadPool::joinAll</name>
            <offset>460</offset>
          </function>
          <file></file>
          <line>
            <number></number>
            <offset></offset>
          </line>
        </frame>
        <frame>
          <module>C:\AceTime\PocoFoundation.dll</module>
          <address>0023:694669FB</address>
          <function>
            <name>Poco::ThreadImpl::runnableEntry</name>
            <offset>91</offset>
          </function>
          <file></file>
          <line>
            <number></number>
            <offset></offset>
          </line>
        </frame>
        <frame>
          <module>C:\WINDOWS\System32\KERNEL32.DLL</module>
          <address>0023:76705D49</address>
          <function>
            <name>BaseThreadInitThunk</name>
            <offset>25</offset>
          </function>
          <file></file>
          <line>
            <number></number>
            <offset></offset>
          </line>
        </frame>
        <frame>
          <module>C:\WINDOWS\SYSTEM32\ntdll.dll</module>
          <address>0023:77D1D5DB</address>
          <function>
            <name>RtlInitializeExceptionChain</name>
            <offset>107</offset>
          </function>
          <file></file>
          <line>
            <number></number>
            <offset></offset>
          </line>
        </frame>
        <frame>
          <module>C:\WINDOWS\SYSTEM32\ntdll.dll</module>
          <address>0023:77D1D561</address>
          <function>
            <name>RtlGetAppContainerNamedObjectPath</name>
            <offset>561</offset>
          </function>
          <file></file>
          <line>
            <number></number>
            <offset></offset>
          </line>
        </frame>
      </stack>
    </thread>
    <thread>
      <id>2232</id>
      <status>running</status>
      <stack>
        <frame>
          <module>C:\WINDOWS\SYSTEM32\ntdll.dll</module>
          <address>0023:77D28F5C</address>
          <function>
            <name>ZwWaitForSingleObject</name>
            <offset>12</offset>
          </function>
          <file></file>
          <line>
            <number></number>
            <offset></offset>
          </line>
        </frame>
        <frame>
          <module>C:\WINDOWS\System32\KERNELBASE.dll</module>
          <address>0023:75BB5E22</address>
          <function>
            <name>WaitForSingleObject</name>
            <offset>18</offset>
          </function>
          <file></file>
          <line>
            <number></number>
            <offset></offset>
          </line>
        </frame>
        <frame>
          <module>C:\AceTime\PocoFoundation.dll</module>
          <address>0023:694652F5</address>
          <function>
            <name>Poco::EventImpl::waitImpl</name>
            <offset>37</offset>
          </function>
          <file></file>
          <line>
            <number></number>
            <offset></offset>
          </line>
        </frame>
        <frame>
          <module>C:\AceTime\PocoFoundation.dll</module>
          <address>0023:6946887C</address>
          <function>
            <name>Poco::ThreadPool::joinAll</name>
            <offset>460</offset>
          </function>
          <file></file>
          <line>
            <number></number>
            <offset></offset>
          </line>
        </frame>
        <frame>
          <module>C:\AceTime\PocoFoundation.dll</module>
          <address>0023:694669FB</address>
          <function>
            <name>Poco::ThreadImpl::runnableEntry</name>
            <offset>91</offset>
          </function>
          <file></file>
          <line>
            <number></number>
            <offset></offset>
          </line>
        </frame>
        <frame>
          <module>C:\WINDOWS\System32\KERNEL32.DLL</module>
          <address>0023:76705D49</address>
          <function>
            <name>BaseThreadInitThunk</name>
            <offset>25</offset>
          </function>
          <file></file>
          <line>
            <number></number>
            <offset></offset>
          </line>
        </frame>
        <frame>
          <module>C:\WINDOWS\SYSTEM32\ntdll.dll</module>
          <address>0023:77D1D5DB</address>
          <function>
            <name>RtlInitializeExceptionChain</name>
            <offset>107</offset>
          </function>
          <file></file>
          <line>
            <number></number>
            <offset></offset>
          </line>
        </frame>
        <frame>
          <module>C:\WINDOWS\SYSTEM32\ntdll.dll</module>
          <address>0023:77D1D561</address>
          <function>
            <name>RtlGetAppContainerNamedObjectPath</name>
            <offset>561</offset>
          </function>
          <file></file>
          <line>
            <number></number>
            <offset></offset>
          </line>
        </frame>
      </stack>
    </thread>
    <thread>
      <id>11632</id>
      <status>running</status>
      <stack>
        <frame>
          <module>C:\WINDOWS\SYSTEM32\ntdll.dll</module>
          <address>0023:77D28F5C</address>
          <function>
            <name>ZwWaitForSingleObject</name>
            <offset>12</offset>
          </function>
          <file></file>
          <line>
            <number></number>
            <offset></offset>
          </line>
        </frame>
        <frame>
          <module>C:\WINDOWS\System32\KERNELBASE.dll</module>
          <address>0023:75BB5E22</address>
          <function>
            <name>WaitForSingleObject</name>
            <offset>18</offset>
          </function>
          <file></file>
          <line>
            <number></number>
            <offset></offset>
          </line>
        </frame>
        <frame>
          <module>C:\AceTime\PocoFoundation.dll</module>
          <address>0023:694652F5</address>
          <function>
            <name>Poco::EventImpl::waitImpl</name>
            <offset>37</offset>
          </function>
          <file></file>
          <line>
            <number></number>
            <offset></offset>
          </line>
        </frame>
        <frame>
          <module>C:\AceTime\PocoFoundation.dll</module>
          <address>0023:6946887C</address>
          <function>
            <name>Poco::ThreadPool::joinAll</name>
            <offset>460</offset>
          </function>
          <file></file>
          <line>
            <number></number>
            <offset></offset>
          </line>
        </frame>
        <frame>
          <module>C:\AceTime\PocoFoundation.dll</module>
          <address>0023:694669FB</address>
          <function>
            <name>Poco::ThreadImpl::runnableEntry</name>
            <offset>91</offset>
          </function>
          <file></file>
          <line>
            <number></number>
            <offset></offset>
          </line>
        </frame>
        <frame>
          <module>C:\WINDOWS\System32\KERNEL32.DLL</module>
          <address>0023:76705D49</address>
          <function>
            <name>BaseThreadInitThunk</name>
            <offset>25</offset>
          </function>
          <file></file>
          <line>
            <number></number>
            <offset></offset>
          </line>
        </frame>
        <frame>
          <module>C:\WINDOWS\SYSTEM32\ntdll.dll</module>
          <address>0023:77D1D5DB</address>
          <function>
            <name>RtlInitializeExceptionChain</name>
            <offset>107</offset>
          </function>
          <file></file>
          <line>
            <number></number>
            <offset></offset>
          </line>
        </frame>
        <frame>
          <module>C:\WINDOWS\SYSTEM32\ntdll.dll</module>
          <address>0023:77D1D561</address>
          <function>
            <name>RtlGetAppContainerNamedObjectPath</name>
            <offset>561</offset>
          </function>
          <file></file>
          <line>
            <number></number>
            <offset></offset>
          </line>
        </frame>
      </stack>
    </thread>
    <thread>
      <id>6552</id>
      <status>running</status>
      <stack>
        <frame>
          <module>C:\WINDOWS\SYSTEM32\ntdll.dll</module>
          <address>0023:77D28F5C</address>
          <function>
            <name>ZwWaitForSingleObject</name>
            <offset>12</offset>
          </function>
          <file></file>
          <line>
            <number></number>
            <offset></offset>
          </line>
        </frame>
        <frame>
          <module>C:\WINDOWS\System32\KERNELBASE.dll</module>
          <address>0023:75BB5E22</address>
          <function>
            <name>WaitForSingleObject</name>
            <offset>18</offset>
          </function>
          <file></file>
          <line>
            <number></number>
            <offset></offset>
          </line>
        </frame>
        <frame>
          <module>C:\AceTime\PocoFoundation.dll</module>
          <address>0023:694652F5</address>
          <function>
            <name>Poco::EventImpl::waitImpl</name>
            <offset>37</offset>
          </function>
          <file></file>
          <line>
            <number></number>
            <offset></offset>
          </line>
        </frame>
        <frame>
          <module>C:\AceTime\PocoFoundation.dll</module>
          <address>0023:6946887C</address>
          <function>
            <name>Poco::ThreadPool::joinAll</name>
            <offset>460</offset>
          </function>
          <file></file>
          <line>
            <number></number>
            <offset></offset>
          </line>
        </frame>
        <frame>
          <module>C:\AceTime\PocoFoundation.dll</module>
          <address>0023:694669FB</address>
          <function>
            <name>Poco::ThreadImpl::runnableEntry</name>
            <offset>91</offset>
          </function>
          <file></file>
          <line>
            <number></number>
            <offset></offset>
          </line>
        </frame>
        <frame>
          <module>C:\WINDOWS\System32\KERNEL32.DLL</module>
          <address>0023:76705D49</address>
          <function>
            <name>BaseThreadInitThunk</name>
            <offset>25</offset>
          </function>
          <file></file>
          <line>
            <number></number>
            <offset></offset>
          </line>
        </frame>
        <frame>
          <module>C:\WINDOWS\SYSTEM32\ntdll.dll</module>
          <address>0023:77D1D5DB</address>
          <function>
            <name>RtlInitializeExceptionChain</name>
            <offset>107</offset>
          </function>
          <file></file>
          <line>
            <number></number>
            <offset></offset>
          </line>
        </frame>
        <frame>
          <module>C:\WINDOWS\SYSTEM32\ntdll.dll</module>
          <address>0023:77D1D561</address>
          <function>
            <name>RtlGetAppContainerNamedObjectPath</name>
            <offset>561</offset>
          </function>
          <file></file>
          <line>
            <number></number>
            <offset></offset>
          </line>
        </frame>
      </stack>
    </thread>
    <thread>
      <id>3732</id>
      <status>running</status>
      <stack>
        <frame>
          <module>C:\WINDOWS\SYSTEM32\ntdll.dll</module>
          <address>0023:77D28F5C</address>
          <function>
            <name>ZwWaitForSingleObject</name>
            <offset>12</offset>
          </function>
          <file></file>
          <line>
            <number></number>
            <offset></offset>
          </line>
        </frame>
        <frame>
          <module>C:\WINDOWS\System32\KERNELBASE.dll</module>
          <address>0023:75BB5E22</address>
          <function>
            <name>WaitForSingleObject</name>
            <offset>18</offset>
          </function>
          <file></file>
          <line>
            <number></number>
            <offset></offset>
          </line>
        </frame>
        <frame>
          <module>C:\AceTime\BugTrapU.dll</module>
          <address>0023:10013618</address>
          <function>
            <name>BT_CallNetFilter</name>
            <offset>6863</offset>
          </function>
          <file></file>
          <line>
            <number></number>
            <offset></offset>
          </line>
        </frame>
        <frame>
          <module>C:\AceTime\BugTrapU.dll</module>
          <address>0023:10012480</address>
          <function>
            <name>BT_CallNetFilter</name>
            <offset>2359</offset>
          </function>
          <file></file>
          <line>
            <number></number>
            <offset></offset>
          </line>
        </frame>
        <frame>
          <module>C:\AceTime\BugTrapU.dll</module>
          <address>0023:10011A70</address>
          <function>
            <name>BT_SehFilter</name>
            <offset>11</offset>
          </function>
          <file></file>
          <line>
            <number></number>
            <offset></offset>
          </line>
        </frame>
        <frame>
          <module>C:\WINDOWS\SYSTEM32\ntdll.dll</module>
          <address>0023:77D1D66D</address>
          <function>
            <name>RtlInitializeExceptionChain</name>
            <offset>253</offset>
          </function>
          <file></file>
          <line>
            <number></number>
            <offset></offset>
          </line>
        </frame>
        <frame>
          <module>C:\WINDOWS\SYSTEM32\ntdll.dll</module>
          <address>0023:77D1D561</address>
          <function>
            <name>RtlGetAppContainerNamedObjectPath</name>
            <offset>561</offset>
          </function>
          <file></file>
          <line>
            <number></number>
            <offset></offset>
          </line>
        </frame>
      </stack>
    </thread>
    <thread>
      <id>16700</id>
      <status>running</status>
      <stack>
        <frame>
          <module>C:\WINDOWS\SYSTEM32\ntdll.dll</module>
          <address>0023:77D2AD9C</address>
          <function>
            <name>ZwWaitForWorkViaWorkerFactory</name>
            <offset>12</offset>
          </function>
          <file></file>
          <line>
            <number></number>
            <offset></offset>
          </line>
        </frame>
        <frame>
          <module>C:\WINDOWS\System32\KERNEL32.DLL</module>
          <address>0023:76705D49</address>
          <function>
            <name>BaseThreadInitThunk</name>
            <offset>25</offset>
          </function>
          <file></file>
          <line>
            <number></number>
            <offset></offset>
          </line>
        </frame>
        <frame>
          <module>C:\WINDOWS\SYSTEM32\ntdll.dll</module>
          <address>0023:77D1D5DB</address>
          <function>
            <name>RtlInitializeExceptionChain</name>
            <offset>107</offset>
          </function>
          <file></file>
          <line>
            <number></number>
            <offset></offset>
          </line>
        </frame>
        <frame>
          <module>C:\WINDOWS\SYSTEM32\ntdll.dll</module>
          <address>0023:77D1D561</address>
          <function>
            <name>RtlGetAppContainerNamedObjectPath</name>
            <offset>561</offset>
          </function>
          <file></file>
          <line>
            <number></number>
            <offset></offset>
          </line>
        </frame>
      </stack>
    </thread>
  </threads>
  <cmdline>"C:\AceTime\AceTime.exe" </cmdline>
  <curdir>C:\AceTime</curdir>
  <environment>
    <variable>
      <name>ALLUSERSPROFILE</name>
      <value>C:\ProgramData</value>
    </variable>
    <variable>
      <name>APPDATA</name>
      <value>C:\Users\winn\AppData\Roaming</value>
    </variable>
    <variable>
      <name>CommonProgramFiles</name>
      <value>C:\Program Files (x86)\Common Files</value>
    </variable>
    <variable>
      <name>CommonProgramFiles(x86)</name>
      <value>C:\Program Files (x86)\Common Files</value>
    </variable>
    <variable>
      <name>CommonProgramW6432</name>
      <value>C:\Program Files\Common Files</value>
    </variable>
    <variable>
      <name>COMPUTERNAME</name>
      <value>DESKTOP-FS5MBM1</value>
    </variable>
    <variable>
      <name>ComSpec</name>
      <value>C:\WINDOWS\system32\cmd.exe</value>
    </variable>
    <variable>
      <name>DriverData</name>
      <value>C:\Windows\System32\Drivers\DriverData</value>
    </variable>
    <variable>
      <name>HOMEDRIVE</name>
      <value>C:</value>
    </variable>
    <variable>
      <name>HOMEPATH</name>
      <value>\Users\winn</value>
    </variable>
    <variable>
      <name>LOCALAPPDATA</name>
      <value>C:\Users\winn\AppData\Local</value>
    </variable>
    <variable>
      <name>LOGONSERVER</name>
      <value>\\DESKTOP-FS5MBM1</value>
    </variable>
    <variable>
      <name>NUMBER_OF_PROCESSORS</name>
      <value>12</value>
    </variable>
    <variable>
      <name>OneDrive</name>
      <value>C:\Users\winn\OneDrive</value>
    </variable>
    <variable>
      <name>OS</name>
      <value>Windows_NT</value>
    </variable>
    <variable>
      <name>Path</name>
      <value>C:\WINDOWS\system32;C:\WINDOWS;C:\WINDOWS\System32\Wbem;C:\WINDOWS\System32\WindowsPowerShell\v1.0\;C:\WINDOWS\System32\OpenSSH\;C:\Program Files (x86)\Windows Kits\10\Windows Performance Toolkit\;C:\Program Files\dotnet\;C:\Program Files\Bandizip\;C:\Users\winn\AppData\Local\Microsoft\WindowsApps</value>
    </variable>
    <variable>
      <name>PATHEXT</name>
      <value>.COM;.EXE;.BAT;.CMD;.VBS;.VBE;.JS;.JSE;.WSF;.WSH;.MSC</value>
    </variable>
    <variable>
      <name>PROCESSOR_ARCHITECTURE</name>
      <value>x86</value>
    </variable>
    <variable>
      <name>PROCESSOR_ARCHITEW6432</name>
      <value>AMD64</value>
    </variable>
    <variable>
      <name>PROCESSOR_IDENTIFIER</name>
      <value>AMD64 Family 25 Model 117 Stepping 2, AuthenticAMD</value>
    </variable>
    <variable>
      <name>PROCESSOR_LEVEL</name>
      <value>25</value>
    </variable>
    <variable>
      <name>PROCESSOR_REVISION</name>
      <value>7502</value>
    </variable>
    <variable>
      <name>ProgramData</name>
      <value>C:\ProgramData</value>
    </variable>
    <variable>
      <name>ProgramFiles</name>
      <value>C:\Program Files (x86)</value>
    </variable>
    <variable>
      <name>ProgramFiles(x86)</name>
      <value>C:\Program Files (x86)</value>
    </variable>
    <variable>
      <name>ProgramW6432</name>
      <value>C:\Program Files</value>
    </variable>
    <variable>
      <name>PSModulePath</name>
      <value>C:\Program Files\WindowsPowerShell\Modules;C:\WINDOWS\system32\WindowsPowerShell\v1.0\Modules</value>
    </variable>
    <variable>
      <name>PUBLIC</name>
      <value>C:\Users\Public</value>
    </variable>
    <variable>
      <name>SystemDrive</name>
      <value>C:</value>
    </variable>
    <variable>
      <name>SystemRoot</name>
      <value>C:\WINDOWS</value>
    </variable>
    <variable>
      <name>TEMP</name>
      <value>C:\Users\winn\AppData\Local\Temp</value>
    </variable>
    <variable>
      <name>TMP</name>
      <value>C:\Users\winn\AppData\Local\Temp</value>
    </variable>
    <variable>
      <name>TMPDIR</name>
      <value>C:\Users\Public\Documents\ESTsoft\CreatorTemp</value>
    </variable>
    <variable>
      <name>USERDOMAIN</name>
      <value>DESKTOP-FS5MBM1</value>
    </variable>
    <variable>
      <name>USERDOMAIN_ROAMINGPROFILE</name>
      <value>DESKTOP-FS5MBM1</value>
    </variable>
    <variable>
      <name>USERNAME</name>
      <value>winn</value>
    </variable>
    <variable>
      <name>USERPROFILE</name>
      <value>C:\Users\winn</value>
    </variable>
    <variable>
      <name>windir</name>
      <value>C:\WINDOWS</value>
    </variable>
  </environment>
  <processes>
    <process>
      <name>AceTime.exe</name>
      <id>6256</id>
      <modules>
        <module>
          <name>C:\AceTime\AceTime.exe</name>
          <version>1.0.0.1</version>
          <base>0x00ED0000</base>
          <size>0x002E8000</size>
        </module>
        <module>
          <name>C:\WINDOWS\SYSTEM32\ntdll.dll</name>
          <version>6.2.26100.7462</version>
          <base>0x77CB0000</base>
          <size>0x001BF000</size>
        </module>
        <module>
          <name>C:\WINDOWS\System32\KERNEL32.DLL</name>
          <version>6.2.26100.7309</version>
          <base>0x766F0000</base>
          <size>0x000F0000</size>
        </module>
        <module>
          <name>C:\WINDOWS\System32\KERNELBASE.dll</name>
          <version>6.2.26100.7462</version>
          <base>0x75A60000</base>
          <size>0x002C6000</size>
        </module>
        <module>
          <name>C:\WINDOWS\System32\USER32.dll</name>
          <version>6.2.26100.7462</version>
          <base>0x75D30000</base>
          <size>0x001CB000</size>
        </module>
        <module>
          <name>C:\WINDOWS\System32\win32u.dll</name>
          <version>6.2.26100.7309</version>
          <base>0x77C40000</base>
          <size>0x0001A000</size>
        </module>
        <module>
          <name>C:\WINDOWS\System32\GDI32.dll</name>
          <version>6.2.26100.7309</version>
          <base>0x75F60000</base>
          <size>0x00023000</size>
        </module>
        <module>
          <name>C:\WINDOWS\System32\gdi32full.dll</name>
          <version>6.2.26100.7309</version>
          <base>0x76A60000</base>
          <size>0x000EB000</size>
        </module>
        <module>
          <name>C:\WINDOWS\SYSTEM32\mfc140u.dll</name>
          <version>14.38.33130.0</version>
          <base>0x69D50000</base>
          <size>0x004A8000</size>
        </module>
        <module>
          <name>C:\WINDOWS\System32\msvcp_win.dll</name>
          <version>6.2.26100.7019</version>
          <base>0x77250000</base>
          <size>0x00085000</size>
        </module>
        <module>
          <name>C:\WINDOWS\System32\ADVAPI32.dll</name>
          <version>6.2.26100.7309</version>
          <base>0x77740000</base>
          <size>0x0007F000</size>
        </module>
        <module>
          <name>C:\WINDOWS\System32\ucrtbase.dll</name>
          <version>6.2.26100.7019</version>
          <base>0x75720000</base>
          <size>0x00110000</size>
        </module>
        <module>
          <name>C:\WINDOWS\System32\msvcrt.dll</name>
          <version>7.0.26100.7019</version>
          <base>0x778E0000</base>
          <size>0x000C7000</size>
        </module>
        <module>
          <name>C:\WINDOWS\System32\sechost.dll</name>
          <version>6.2.26100.7309</version>
          <base>0x76660000</base>
          <size>0x00083000</size>
        </module>
        <module>
          <name>C:\WINDOWS\System32\SHELL32.dll</name>
          <version>6.2.26100.7309</version>
          <base>0x75F90000</base>
          <size>0x0062C000</size>
        </module>
        <module>
          <name>C:\WINDOWS\System32\RPCRT4.dll</name>
          <version>6.2.26100.7309</version>
          <base>0x75840000</base>
          <size>0x000BC000</size>
        </module>
        <module>
          <name>C:\WINDOWS\System32\wintypes.dll</name>
          <version>6.2.26100.7309</version>
          <base>0x767F0000</base>
          <size>0x000F9000</size>
        </module>
        <module>
          <name>C:\WINDOWS\System32\combase.dll</name>
          <version>6.2.26100.7462</version>
          <base>0x76B50000</base>
          <size>0x00292000</size>
        </module>
        <module>
          <name>C:\WINDOWS\System32\ole32.dll</name>
          <version>6.2.26100.7309</version>
          <base>0x77020000</base>
          <size>0x00153000</size>
        </module>
        <module>
          <name>C:\WINDOWS\SYSTEM32\MSIMG32.dll</name>
          <version>6.2.26100.1882</version>
          <base>0x75150000</base>
          <size>0x00006000</size>
        </module>
        <module>
          <name>C:\WINDOWS\System32\OLEAUT32.dll</name>
          <version>6.2.26100.7309</version>
          <base>0x76DF0000</base>
          <size>0x0009E000</size>
        </module>
        <module>
          <name>C:\WINDOWS\System32\SHLWAPI.dll</name>
          <version>6.2.26100.7309</version>
          <base>0x75F00000</base>
          <size>0x00052000</size>
        </module>
        <module>
          <name>C:\WINDOWS\System32\IMM32.dll</name>
          <version>6.2.26100.7309</version>
          <base>0x77C60000</base>
          <size>0x00025000</size>
        </module>
        <module>
          <name>C:\WINDOWS\SYSTEM32\VCRUNTIME140.dll</name>
          <version>14.38.33130.0</version>
          <base>0x6ACA0000</base>
          <size>0x00015000</size>
        </module>
        <module>
          <name>C:\WINDOWS\System32\WS2_32.dll</name>
          <version>6.2.26100.7019</version>
          <base>0x759F0000</base>
          <size>0x00061000</size>
        </module>
        <module>
          <name>C:\WINDOWS\WinSxS\x86_microsoft.windows.common-controls_6595b64144ccf1df_6.0.26100.7309_none_85b335c1f7b2c94a\COMCTL32.dll</name>
          <version>6.10.26100.7309</version>
          <base>0x703A0000</base>
          <size>0x0022A000</size>
        </module>
        <module>
          <name>C:\WINDOWS\WinSxS\x86_microsoft.windows.gdiplus_6595b64144ccf1df_1.1.26100.7309_none_b69e28a752454318\gdiplus.dll</name>
          <version>6.2.26100.7309</version>
          <base>0x74CF0000</base>
          <size>0x0017D000</size>
        </module>
        <module>
          <name>C:\WINDOWS\SYSTEM32\UxTheme.dll</name>
          <version>6.2.26100.7309</version>
          <base>0x74FE0000</base>
          <size>0x00081000</size>
        </module>
        <module>
          <name>C:\WINDOWS\SYSTEM32\MSVCP140.dll</name>
          <version>14.38.33130.0</version>
          <base>0x6A200000</base>
          <size>0x0006D000</size>
        </module>
        <module>
          <name>C:\AceTime\fmxPrevLib.dll</name>
          <version></version>
          <base>0x69880000</base>
          <size>0x000C0000</size>
        </module>
        <module>
          <name>C:\AceTime\libmariadb.dll</name>
          <version>3.0.0.7</version>
          <base>0x697B0000</base>
          <size>0x000CE000</size>
        </module>
        <module>
          <name>C:\AceTime\BugTrapU.dll</name>
          <version>0.0.0.1</version>
          <base>0x10000000</base>
          <size>0x00057000</size>
        </module>
        <module>
          <name>C:\AceTime\SpdLogger.dll</name>
          <version>1.0.0.1</version>
          <base>0x69550000</base>
          <size>0x00259000</size>
        </module>
        <module>
          <name>C:\WINDOWS\System32\COMDLG32.dll</name>
          <version>6.2.26100.7309</version>
          <base>0x77190000</base>
          <size>0x000B4000</size>
        </module>
        <module>
          <name>C:\WINDOWS\System32\CRYPT32.dll</name>
          <version>6.2.26100.7309</version>
          <base>0x777D0000</base>
          <size>0x00109000</size>
        </module>
        <module>
          <name>C:\WINDOWS\System32\shcore.dll</name>
          <version>6.2.26100.7462</version>
          <base>0x768F0000</base>
          <size>0x000D1000</size>
        </module>
        <module>
          <name>C:\WINDOWS\SYSTEM32\WINMM.dll</name>
          <version>6.2.26100.7309</version>
          <base>0x74C40000</base>
          <size>0x00033000</size>
        </module>
        <module>
          <name>C:\WINDOWS\SYSTEM32\IPHLPAPI.DLL</name>
          <version>6.2.26100.7309</version>
          <base>0x711E0000</base>
          <size>0x00027000</size>
        </module>
        <module>
          <name>C:\WINDOWS\SYSTEM32\VERSION.dll</name>
          <version>6.2.26100.1</version>
          <base>0x752D0000</base>
          <size>0x00008000</size>
        </module>
        <module>
          <name>C:\WINDOWS\SYSTEM32\WININET.dll</name>
          <version>11.0.26100.7309</version>
          <base>0x6F830000</base>
          <size>0x00224000</size>
        </module>
        <module>
          <name>C:\WINDOWS\SYSTEM32\WINSPOOL.DRV</name>
          <version>6.2.26100.7309</version>
          <base>0x750C0000</base>
          <size>0x0008A000</size>
        </module>
        <module>
          <name>C:\WINDOWS\SYSTEM32\OLEACC.dll</name>
          <version>7.2.26100.7309</version>
          <base>0x74C80000</base>
          <size>0x0005E000</size>
        </module>
        <module>
          <name>C:\AceTime\PocoFoundation.dll</name>
          <version>1.7.5.0</version>
          <base>0x69420000</base>
          <size>0x0012C000</size>
        </module>
        <module>
          <name>C:\AceTime\PocoNet.dll</name>
          <version></version>
          <base>0x69360000</base>
          <size>0x000B2000</size>
        </module>
        <module>
          <name>C:\AceTime\PocoNetSSL.dll</name>
          <version>1.7.5.0</version>
          <base>0x69330000</base>
          <size>0x00030000</size>
        </module>
        <module>
          <name>C:\AceTime\libusb0.dll</name>
          <version>1.2.6.0</version>
          <base>0x69310000</base>
          <size>0x00011000</size>
        </module>
        <module>
          <name>C:\WINDOWS\System32\SETUPAPI.dll</name>
          <version>6.2.26100.7309</version>
          <base>0x772E0000</base>
          <size>0x00453000</size>
        </module>
        <module>
          <name>C:\WINDOWS\SYSTEM32\Secur32.dll</name>
          <version>6.2.26100.1</version>
          <base>0x71210000</base>
          <size>0x0000A000</size>
        </module>
        <module>
          <name>C:\WINDOWS\SYSTEM32\cfgmgr32.dll</name>
          <version>6.2.26100.7309</version>
          <base>0x74BF0000</base>
          <size>0x00043000</size>
        </module>
        <module>
          <name>C:\WINDOWS\SYSTEM32\MSVCP120.dll</name>
          <version>12.0.21005.1</version>
          <base>0x69100000</base>
          <size>0x00071000</size>
        </module>
        <module>
          <name>C:\AceTime\LIBEAY32.dll</name>
          <version>1.0.2.21</version>
          <base>0x691D0000</base>
          <size>0x0013D000</size>
        </module>
        <module>
          <name>C:\AceTime\SSLEAY32.dll</name>
          <version>1.0.2.21</version>
          <base>0x69180000</base>
          <size>0x00047000</size>
        </module>
        <module>
          <name>C:\AceTime\PocoCrypto.dll</name>
          <version>1.7.5.0</version>
          <base>0x690E0000</base>
          <size>0x00019000</size>
        </module>
        <module>
          <name>C:\WINDOWS\SYSTEM32\MSVCR120.dll</name>
          <version>12.0.21005.1</version>
          <base>0x67E20000</base>
          <size>0x000EE000</size>
        </module>
        <module>
          <name>C:\AceTime\PocoUtil.dll</name>
          <version></version>
          <base>0x69080000</base>
          <size>0x00053000</size>
        </module>
        <module>
          <name>C:\WINDOWS\SYSTEM32\CRYPTBASE.DLL</name>
          <version>6.2.26100.7019</version>
          <base>0x742A0000</base>
          <size>0x0000A000</size>
        </module>
        <module>
          <name>C:\AceTime\PocoJSON.dll</name>
          <version></version>
          <base>0x69040000</base>
          <size>0x00034000</size>
        </module>
        <module>
          <name>C:\AceTime\PocoXML.dll</name>
          <version></version>
          <base>0x67DB0000</base>
          <size>0x0006C000</size>
        </module>
        <module>
          <name>C:\WINDOWS\SYSTEM32\SSPICLI.DLL</name>
          <version>6.2.26100.7309</version>
          <base>0x752A0000</base>
          <size>0x0002B000</size>
        </module>
        <module>
          <name>C:\AceTime\cximagecrtu.dll</name>
          <version>7.0.2.0</version>
          <base>0x01A30000</base>
          <size>0x00169000</size>
        </module>
        <module>
          <name>C:\WINDOWS\WinSxS\x86_microsoft.vc90.crt_1fc8b3b9a1e18e3b_9.0.30729.9635_none_508ff82ebcbafee0\MSVCP90.dll</name>
          <version>9.0.30729.9635</version>
          <base>0x66760000</base>
          <size>0x0008E000</size>
        </module>
        <module>
          <name>C:\WINDOWS\WinSxS\x86_microsoft.vc90.crt_1fc8b3b9a1e18e3b_9.0.30729.9635_none_508ff82ebcbafee0\MSVCR90.dll</name>
          <version>9.0.30729.9635</version>
          <base>0x667F0000</base>
          <size>0x000A3000</size>
        </module>
        <module>
          <name>C:\WINDOWS\System32\MSCTF.dll</name>
          <version>6.2.26100.7309</version>
          <base>0x77B00000</base>
          <size>0x0011A000</size>
        </module>
        <module>
          <name>C:\WINDOWS\SYSTEM32\kernel.appcore.dll</name>
          <version>6.2.26100.7309</version>
          <base>0x74BD0000</base>
          <size>0x00015000</size>
        </module>
        <module>
          <name>C:\WINDOWS\System32\bcryptPrimitives.dll</name>
          <version>6.2.26100.7309</version>
          <base>0x769D0000</base>
          <size>0x00074000</size>
        </module>
        <module>
          <name>C:\WINDOWS\SYSTEM32\Windows.Storage.dll</name>
          <version>6.2.26100.7462</version>
          <base>0x73AF0000</base>
          <size>0x006DE000</size>
        </module>
        <module>
          <name>C:\WINDOWS\SYSTEM32\RICHED20.DLL</name>
          <version>5.31.23.1231</version>
          <base>0x70040000</base>
          <size>0x0007D000</size>
        </module>
        <module>
          <name>C:\WINDOWS\SYSTEM32\USP10.dll</name>
          <version>6.2.26100.1</version>
          <base>0x70310000</base>
          <size>0x00017000</size>
        </module>
        <module>
          <name>C:\WINDOWS\SYSTEM32\msls31.dll</name>
          <version>3.10.349.0</version>
          <base>0x702E0000</base>
          <size>0x0002C000</size>
        </module>
        <module>
          <name>C:\WINDOWS\SYSTEM32\WindowsCodecs.dll</name>
          <version>6.2.26100.7309</version>
          <base>0x6FC00000</base>
          <size>0x001E2000</size>
        </module>
        <module>
          <name>C:\WINDOWS\SYSTEM32\TextShaping.dll</name>
          <version>6.2.26100.7309</version>
          <base>0x6FA90000</base>
          <size>0x000A5000</size>
        </module>
        <module>
          <name>C:\WINDOWS\SYSTEM32\textinputframework.dll</name>
          <version>6.2.26100.7309</version>
          <base>0x6F4E0000</base>
          <size>0x00104000</size>
        </module>
        <module>
          <name>C:\WINDOWS\system32\napinsp.dll</name>
          <version>6.2.26100.1</version>
          <base>0x6DF90000</base>
          <size>0x00012000</size>
        </module>
        <module>
          <name>C:\WINDOWS\System32\mswsock.dll</name>
          <version>6.2.26100.7309</version>
          <base>0x74240000</base>
          <size>0x00054000</size>
        </module>
        <module>
          <name>C:\WINDOWS\SYSTEM32\DNSAPI.dll</name>
          <version>6.2.26100.7309</version>
          <base>0x70C40000</base>
          <size>0x000E2000</size>
        </module>
        <module>
          <name>C:\WINDOWS\System32\NSI.dll</name>
          <version>6.2.26100.7019</version>
          <base>0x77180000</base>
          <size>0x00007000</size>
        </module>
        <module>
          <name>C:\WINDOWS\System32\winrnr.dll</name>
          <version>6.2.26100.1882</version>
          <base>0x6D3E0000</base>
          <size>0x0000E000</size>
        </module>
        <module>
          <name>C:\WINDOWS\system32\nlansp_c.dll</name>
          <version>6.2.26100.7309</version>
          <base>0x6D3C0000</base>
          <size>0x00019000</size>
        </module>
        <module>
          <name>C:\WINDOWS\system32\wshbth.dll</name>
          <version>6.2.26100.5074</version>
          <base>0x6D0E0000</base>
          <size>0x00012000</size>
        </module>
        <module>
          <name>C:\Windows\System32\rasadhlp.dll</name>
          <version>6.2.26100.6584</version>
          <base>0x70BC0000</base>
          <size>0x00008000</size>
        </module>
        <module>
          <name>C:\WINDOWS\SYSTEM32\CoreMessaging.dll</name>
          <version>6.2.26100.7309</version>
          <base>0x6F400000</base>
          <size>0x000DD000</size>
        </module>
        <module>
          <name>C:\WINDOWS\system32\apphelp.dll</name>
          <version>6.2.26100.7309</version>
          <base>0x6C7C0000</base>
          <size>0x000AE000</size>
        </module>
        <module>
          <name>C:\WINDOWS\System32\clbcatq.dll</name>
          <version>2001.12.10941.16384</version>
          <base>0x75960000</base>
          <size>0x0008A000</size>
        </module>
        <module>
          <name>C:\AceTime\FPSPRU70.ocx</name>
          <version>7.0.0.25</version>
          <base>0x037F0000</base>
          <size>0x001CE000</size>
        </module>
        <module>
          <name>C:\WINDOWS\SYSTEM32\MFC42u.DLL</name>
          <version>6.6.8063.0</version>
          <base>0x56B30000</base>
          <size>0x00128000</size>
        </module>
        <module>
          <name>C:\WINDOWS\SYSTEM32\OLEPRO32.DLL</name>
          <version>6.2.26100.7309</version>
          <base>0x581F0000</base>
          <size>0x00022000</size>
        </module>
        <module>
          <name>C:\WINDOWS\System32\coml2.dll</name>
          <version>6.2.26100.7309</version>
          <base>0x77A20000</base>
          <size>0x00062000</size>
        </module>
        <module>
          <name>C:\WINDOWS\system32\asycfilt.dll</name>
          <version>6.2.26100.1</version>
          <base>0x581D0000</base>
          <size>0x00016000</size>
        </module>
        <module>
          <name>C:\WINDOWS\SYSTEM32\DWrite.dll</name>
          <version>6.2.26100.7309</version>
          <base>0x6E4F0000</base>
          <size>0x00213000</size>
        </module>
        <module>
          <name>C:\WINDOWS\SYSTEM32\CoreUIComponents.dll</name>
          <version>6.2.26100.7309</version>
          <base>0x582E0000</base>
          <size>0x00292000</size>
        </module>
        <module>
          <name>C:\WINDOWS\System32\PSAPI.DLL</name>
          <version>6.2.26100.1</version>
          <base>0x76A50000</base>
          <size>0x00006000</size>
        </module>
        <module>
          <name>C:\WINDOWS\SYSTEM32\DBGHELP.DLL</name>
          <version>6.2.26100.5074</version>
          <base>0x754D0000</base>
          <size>0x001E0000</size>
        </module>
        <module>
          <name>C:\WINDOWS\SYSTEM32\dbgcore.DLL</name>
          <version>6.2.26100.7309</version>
          <base>0x6B170000</base>
          <size>0x00030000</size>
        </module>
        <module>
          <name>C:\WINDOWS\System32\fwpuclnt.dll</name>
          <version>6.2.26100.7309</version>
          <base>0x70BD0000</base>
          <size>0x00062000</size>
        </module>
      </modules>
    </process>
  </processes>
</report>