<?xml version="1.0" encoding="UTF-8"?>
<!--
 This error report was automatically generated
 by BugTrap for Win32-x86 on Thursday, January 29, 2026 3:58:31 PM
-->
<report version="1">
  <platform>Win32-x86</platform>
  <application>BugTrap AceTime</application>
  <version></version>
  <computer>DESKTOP-FS5MBM1</computer>
  <ips>
    <ip>192.168.5.5</ip>
    <ip>192.168.0.5</ip>
  </ips>
  <user>winn</user>
  <timestamp>134141759110780000</timestamp>
  <error>
    <what>ACCESS_VIOLATION</what>
    <process>
      <name>AceTime.exe</name>
      <id>8436</id>
    </process>
    <module>C:\WINDOWS\System32\ucrtbase.dll</module>
    <address>0023:75B5EC46</address>
    <function>
      <name>iswlower</name>
      <offset>598</offset>
    </function>
    <file></file>
    <line>
      <number></number>
      <offset></offset>
    </line>
  </error>
  <usermsg></usermsg>
  <syserror>
    <code>0x0000007A</code>
    <description>시스템 호출에 전달된 데이터 영역이 너무 작습니다.</description>
  </syserror>
  <comerror>
    <description></description>
    <helpfile></helpfile>
    <source></source>
    <guid></guid>
  </comerror>
  <registers>
    <eax>0xFFFFFFFD</eax>
    <ebx>0x0866D760</ebx>
    <ecx>0xFFFFFFFF</ecx>
    <edx>0xFFFFFFFF</edx>
    <esi>0x0866D818</esi>
    <edi>0x00000000</edi>
    <esp>0x0866D748</esp>
    <ebp>0x0866D758</ebp>
    <eip>0x75B5EC46</eip>
    <cs>0x0023</cs>
    <ds>0x002B</ds>
    <ss>0x002B</ss>
    <es>0x002B</es>
    <fs>0x0053</fs>
    <gs>0x002B</gs>
    <eflags>0x00010202</eflags>
  </registers>
  <cpus>
    <number>12</number>
    <architecture>Intel-x86</architecture>
    <cpu>
      <id>AMD64 Family 25 Model 117 Stepping 2</id>
      <speed>4342</speed>
      <description>AMD Ryzen 5 8600G w/ Radeon 760M Graphics</description>
    </cpu>
    <cpu>
      <id>AMD64 Family 25 Model 117 Stepping 2</id>
      <speed>4342</speed>
      <description>AMD Ryzen 5 8600G w/ Radeon 760M Graphics</description>
    </cpu>
    <cpu>
      <id>AMD64 Family 25 Model 117 Stepping 2</id>
      <speed>4342</speed>
      <description>AMD Ryzen 5 8600G w/ Radeon 760M Graphics</description>
    </cpu>
    <cpu>
      <id>AMD64 Family 25 Model 117 Stepping 2</id>
      <speed>4342</speed>
      <description>AMD Ryzen 5 8600G w/ Radeon 760M Graphics</description>
    </cpu>
    <cpu>
      <id>AMD64 Family 25 Model 117 Stepping 2</id>
      <speed>4342</speed>
      <description>AMD Ryzen 5 8600G w/ Radeon 760M Graphics</description>
    </cpu>
    <cpu>
      <id>AMD64 Family 25 Model 117 Stepping 2</id>
      <speed>4342</speed>
      <description>AMD Ryzen 5 8600G w/ Radeon 760M Graphics</description>
    </cpu>
    <cpu>
      <id>AMD64 Family 25 Model 117 Stepping 2</id>
      <speed>4342</speed>
      <description>AMD Ryzen 5 8600G w/ Radeon 760M Graphics</description>
    </cpu>
    <cpu>
      <id>AMD64 Family 25 Model 117 Stepping 2</id>
      <speed>4342</speed>
      <description>AMD Ryzen 5 8600G w/ Radeon 760M Graphics</description>
    </cpu>
    <cpu>
      <id>AMD64 Family 25 Model 117 Stepping 2</id>
      <speed>4342</speed>
      <description>AMD Ryzen 5 8600G w/ Radeon 760M Graphics</description>
    </cpu>
    <cpu>
      <id>AMD64 Family 25 Model 117 Stepping 2</id>
      <speed>4342</speed>
      <description>AMD Ryzen 5 8600G w/ Radeon 760M Graphics</description>
    </cpu>
    <cpu>
      <id>AMD64 Family 25 Model 117 Stepping 2</id>
      <speed>4342</speed>
      <description>AMD Ryzen 5 8600G w/ Radeon 760M Graphics</description>
    </cpu>
    <cpu>
      <id>AMD64 Family 25 Model 117 Stepping 2</id>
      <speed>4342</speed>
      <description>AMD Ryzen 5 8600G w/ Radeon 760M Graphics</description>
    </cpu>
  </cpus>
  <os>
    <version>Windows 8</version>
    <spack></spack>
    <build>9200</build>
  </os>
  <memory>
    <load>31</load>
    <totalphys>16285052928</totalphys>
    <availphys>11081822208</availphys>
    <totalpage>17358794752</totalpage>
    <availpage>11058864128</availpage>
  </memory>
  <threads>
    <thread>
      <id>6900</id>
      <status>interrupted</status>
      <stack>
        <frame>
          <module>C:\WINDOWS\System32\ucrtbase.dll</module>
          <address>0023:75B5EC46</address>
          <function>
            <name>iswlower</name>
            <offset>598</offset>
          </function>
          <file></file>
          <line>
            <number></number>
            <offset></offset>
          </line>
        </frame>
        <frame>
          <module>C:\WINDOWS\System32\ucrtbase.dll</module>
          <address>0023:75B222EC</address>
          <function>
            <name>_stdio_common_vswprintf</name>
            <offset>1948</offset>
          </function>
          <file></file>
          <line>
            <number></number>
            <offset></offset>
          </line>
        </frame>
        <frame>
          <module>C:\WINDOWS\System32\ucrtbase.dll</module>
          <address>0023:75B21DB9</address>
          <function>
            <name>_stdio_common_vswprintf</name>
            <offset>617</offset>
          </function>
          <file></file>
          <line>
            <number></number>
            <offset></offset>
          </line>
        </frame>
        <frame>
          <module>C:\WINDOWS\SYSTEM32\mfc140u.dll</module>
          <address>0023:65EB6D16</address>
          <function>
            <name></name>
            <offset></offset>
          </function>
          <file></file>
          <line>
            <number></number>
            <offset></offset>
          </line>
        </frame>
        <frame>
          <module>C:\WINDOWS\SYSTEM32\mfc140u.dll</module>
          <address>0023:65EB6EB2</address>
          <function>
            <name></name>
            <offset></offset>
          </function>
          <file></file>
          <line>
            <number></number>
            <offset></offset>
          </line>
        </frame>
        <frame>
          <module>C:\AceTime\AceTime.exe</module>
          <address>0023:004ED26F</address>
          <function>
            <name></name>
            <offset></offset>
          </function>
          <file></file>
          <line>
            <number></number>
            <offset></offset>
          </line>
        </frame>
        <frame>
          <module>C:\AceTime\AceTime.exe</module>
          <address>0023:004EB837</address>
          <function>
            <name></name>
            <offset></offset>
          </function>
          <file></file>
          <line>
            <number></number>
            <offset></offset>
          </line>
        </frame>
        <frame>
          <module>C:\AceTime\AceTime.exe</module>
          <address>0023:004ED63B</address>
          <function>
            <name></name>
            <offset></offset>
          </function>
          <file></file>
          <line>
            <number></number>
            <offset></offset>
          </line>
        </frame>
        <frame>
          <module>C:\WINDOWS\SYSTEM32\mfc140u.dll</module>
          <address>0023:660BAABC</address>
          <function>
            <name></name>
            <offset></offset>
          </function>
          <file></file>
          <line>
            <number></number>
            <offset></offset>
          </line>
        </frame>
        <frame>
          <module>C:\WINDOWS\System32\ucrtbase.dll</module>
          <address>0023:75B7E9EB</address>
          <function>
            <name>isgraph</name>
            <offset>539</offset>
          </function>
          <file></file>
          <line>
            <number></number>
            <offset></offset>
          </line>
        </frame>
        <frame>
          <module>C:\WINDOWS\System32\KERNEL32.DLL</module>
          <address>0023:760A5D49</address>
          <function>
            <name>BaseThreadInitThunk</name>
            <offset>25</offset>
          </function>
          <file></file>
          <line>
            <number></number>
            <offset></offset>
          </line>
        </frame>
        <frame>
          <module>C:\WINDOWS\SYSTEM32\ntdll.dll</module>
          <address>0023:7799D5DB</address>
          <function>
            <name>RtlInitializeExceptionChain</name>
            <offset>107</offset>
          </function>
          <file></file>
          <line>
            <number></number>
            <offset></offset>
          </line>
        </frame>
        <frame>
          <module>C:\WINDOWS\SYSTEM32\ntdll.dll</module>
          <address>0023:7799D561</address>
          <function>
            <name>RtlGetAppContainerNamedObjectPath</name>
            <offset>561</offset>
          </function>
          <file></file>
          <line>
            <number></number>
            <offset></offset>
          </line>
        </frame>
      </stack>
    </thread>
    <thread>
      <id>8440</id>
      <status>running</status>
      <stack>
        <frame>
          <module>C:\WINDOWS\System32\win32u.dll</module>
          <address>0023:76AE119C</address>
          <function>
            <name>NtUserGetMessage</name>
            <offset>12</offset>
          </function>
          <file></file>
          <line>
            <number></number>
            <offset></offset>
          </line>
        </frame>
        <frame>
          <module>C:\WINDOWS\SYSTEM32\mfc140u.dll</module>
          <address>0023:660BAB68</address>
          <function>
            <name></name>
            <offset></offset>
          </function>
          <file></file>
          <line>
            <number></number>
            <offset></offset>
          </line>
        </frame>
        <frame>
          <module>C:\WINDOWS\SYSTEM32\mfc140u.dll</module>
          <address>0023:6606444D</address>
          <function>
            <name></name>
            <offset></offset>
          </function>
          <file></file>
          <line>
            <number></number>
            <offset></offset>
          </line>
        </frame>
        <frame>
          <module>C:\WINDOWS\SYSTEM32\mfc140u.dll</module>
          <address>0023:66064738</address>
          <function>
            <name></name>
            <offset></offset>
          </function>
          <file></file>
          <line>
            <number></number>
            <offset></offset>
          </line>
        </frame>
        <frame>
          <module>C:\AceTime\AceTime.exe</module>
          <address>0023:005BBD37</address>
          <function>
            <name></name>
            <offset></offset>
          </function>
          <file></file>
          <line>
            <number></number>
            <offset></offset>
          </line>
        </frame>
        <frame>
          <module>C:\WINDOWS\SYSTEM32\mfc140u.dll</module>
          <address>0023:660E3F80</address>
          <function>
            <name></name>
            <offset></offset>
          </function>
          <file></file>
          <line>
            <number></number>
            <offset></offset>
          </line>
        </frame>
        <frame>
          <module>C:\AceTime\AceTime.exe</module>
          <address>0023:005DE077</address>
          <function>
            <name></name>
            <offset></offset>
          </function>
          <file></file>
          <line>
            <number></number>
            <offset></offset>
          </line>
        </frame>
        <frame>
          <module>C:\WINDOWS\System32\KERNEL32.DLL</module>
          <address>0023:760A5D49</address>
          <function>
            <name>BaseThreadInitThunk</name>
            <offset>25</offset>
          </function>
          <file></file>
          <line>
            <number></number>
            <offset></offset>
          </line>
        </frame>
        <frame>
          <module>C:\WINDOWS\SYSTEM32\ntdll.dll</module>
          <address>0023:7799D5DB</address>
          <function>
            <name>RtlInitializeExceptionChain</name>
            <offset>107</offset>
          </function>
          <file></file>
          <line>
            <number></number>
            <offset></offset>
          </line>
        </frame>
        <frame>
          <module>C:\WINDOWS\SYSTEM32\ntdll.dll</module>
          <address>0023:7799D561</address>
          <function>
            <name>RtlGetAppContainerNamedObjectPath</name>
            <offset>561</offset>
          </function>
          <file></file>
          <line>
            <number></number>
            <offset></offset>
          </line>
        </frame>
      </stack>
    </thread>
    <thread>
      <id>8620</id>
      <status>running</status>
      <stack>
        <frame>
          <module>C:\WINDOWS\System32\win32u.dll</module>
          <address>0023:76AE5E8C</address>
          <function>
            <name>NtUserMsgWaitForMultipleObjectsEx</name>
            <offset>12</offset>
          </function>
          <file></file>
          <line>
            <number></number>
            <offset></offset>
          </line>
        </frame>
        <frame>
          <module>C:\WINDOWS\System32\USER32.dll</module>
          <address>0023:75EE36CF</address>
          <function>
            <name>MsgWaitForMultipleObjects</name>
            <offset>31</offset>
          </function>
          <file></file>
          <line>
            <number></number>
            <offset></offset>
          </line>
        </frame>
        <frame>
          <module>C:\WINDOWS\WinSxS\x86_microsoft.windows.gdiplus_6595b64144ccf1df_1.1.26100.7309_none_b69e28a752454318\gdiplus.dll</module>
          <address>0023:74AEC55D</address>
          <function>
            <name>GdiplusStartup</name>
            <offset>7453</offset>
          </function>
          <file></file>
          <line>
            <number></number>
            <offset></offset>
          </line>
        </frame>
        <frame>
          <module>C:\WINDOWS\WinSxS\x86_microsoft.windows.gdiplus_6595b64144ccf1df_1.1.26100.7309_none_b69e28a752454318\gdiplus.dll</module>
          <address>0023:74AEC4EA</address>
          <function>
            <name>GdiplusStartup</name>
            <offset>7338</offset>
          </function>
          <file></file>
          <line>
            <number></number>
            <offset></offset>
          </line>
        </frame>
        <frame>
          <module>C:\WINDOWS\System32\KERNEL32.DLL</module>
          <address>0023:760A5D49</address>
          <function>
            <name>BaseThreadInitThunk</name>
            <offset>25</offset>
          </function>
          <file></file>
          <line>
            <number></number>
            <offset></offset>
          </line>
        </frame>
        <frame>
          <module>C:\WINDOWS\SYSTEM32\ntdll.dll</module>
          <address>0023:7799D5DB</address>
          <function>
            <name>RtlInitializeExceptionChain</name>
            <offset>107</offset>
          </function>
          <file></file>
          <line>
            <number></number>
            <offset></offset>
          </line>
        </frame>
        <frame>
          <module>C:\WINDOWS\SYSTEM32\ntdll.dll</module>
          <address>0023:7799D561</address>
          <function>
            <name>RtlGetAppContainerNamedObjectPath</name>
            <offset>561</offset>
          </function>
          <file></file>
          <line>
            <number></number>
            <offset></offset>
          </line>
        </frame>
      </stack>
    </thread>
    <thread>
      <id>16984</id>
      <status>running</status>
      <stack>
        <frame>
          <module>C:\WINDOWS\SYSTEM32\ntdll.dll</module>
          <address>0023:779A8FAC</address>
          <function>
            <name>ZwRemoveIoCompletion</name>
            <offset>12</offset>
          </function>
          <file></file>
          <line>
            <number></number>
            <offset></offset>
          </line>
        </frame>
        <frame>
          <module>C:\WINDOWS\System32\KERNEL32.DLL</module>
          <address>0023:760A5D49</address>
          <function>
            <name>BaseThreadInitThunk</name>
            <offset>25</offset>
          </function>
          <file></file>
          <line>
            <number></number>
            <offset></offset>
          </line>
        </frame>
        <frame>
          <module>C:\WINDOWS\SYSTEM32\ntdll.dll</module>
          <address>0023:7799D5DB</address>
          <function>
            <name>RtlInitializeExceptionChain</name>
            <offset>107</offset>
          </function>
          <file></file>
          <line>
            <number></number>
            <offset></offset>
          </line>
        </frame>
        <frame>
          <module>C:\WINDOWS\SYSTEM32\ntdll.dll</module>
          <address>0023:7799D561</address>
          <function>
            <name>RtlGetAppContainerNamedObjectPath</name>
            <offset>561</offset>
          </function>
          <file></file>
          <line>
            <number></number>
            <offset></offset>
          </line>
        </frame>
      </stack>
    </thread>
    <thread>
      <id>18292</id>
      <status>running</status>
      <stack>
        <frame>
          <module>C:\WINDOWS\SYSTEM32\ntdll.dll</module>
          <address>0023:779A927C</address>
          <function>
            <name>ZwDelayExecution</name>
            <offset>12</offset>
          </function>
          <file></file>
          <line>
            <number></number>
            <offset></offset>
          </line>
        </frame>
        <frame>
          <module>C:\WINDOWS\System32\KERNELBASE.dll</module>
          <address>0023:776C0EB0</address>
          <function>
            <name>SleepEx</name>
            <offset>80</offset>
          </function>
          <file></file>
          <line>
            <number></number>
            <offset></offset>
          </line>
        </frame>
        <frame>
          <module>C:\WINDOWS\System32\KERNELBASE.dll</module>
          <address>0023:776C0E4F</address>
          <function>
            <name>Sleep</name>
            <offset>15</offset>
          </function>
          <file></file>
          <line>
            <number></number>
            <offset></offset>
          </line>
        </frame>
        <frame>
          <module>C:\AceTime\fmxPrevLib.dll</module>
          <address>0023:65902CC1</address>
          <function>
            <name>CMIDATA::EnrollUserData::AsJSONString</name>
            <offset>17121</offset>
          </function>
          <file></file>
          <line>
            <number></number>
            <offset></offset>
          </line>
        </frame>
        <frame>
          <module>C:\AceTime\PocoFoundation.dll</module>
          <address>0023:656A69FB</address>
          <function>
            <name>Poco::ThreadImpl::runnableEntry</name>
            <offset>91</offset>
          </function>
          <file></file>
          <line>
            <number></number>
            <offset></offset>
          </line>
        </frame>
        <frame>
          <module>C:\WINDOWS\System32\KERNEL32.DLL</module>
          <address>0023:760A5D49</address>
          <function>
            <name>BaseThreadInitThunk</name>
            <offset>25</offset>
          </function>
          <file></file>
          <line>
            <number></number>
            <offset></offset>
          </line>
        </frame>
        <frame>
          <module>C:\WINDOWS\SYSTEM32\ntdll.dll</module>
          <address>0023:7799D5DB</address>
          <function>
            <name>RtlInitializeExceptionChain</name>
            <offset>107</offset>
          </function>
          <file></file>
          <line>
            <number></number>
            <offset></offset>
          </line>
        </frame>
        <frame>
          <module>C:\WINDOWS\SYSTEM32\ntdll.dll</module>
          <address>0023:7799D561</address>
          <function>
            <name>RtlGetAppContainerNamedObjectPath</name>
            <offset>561</offset>
          </function>
          <file></file>
          <line>
            <number></number>
            <offset></offset>
          </line>
        </frame>
      </stack>
    </thread>
    <thread>
      <id>18280</id>
      <status>running</status>
      <stack>
        <frame>
          <module>C:\WINDOWS\SYSTEM32\ntdll.dll</module>
          <address>0023:779A927C</address>
          <function>
            <name>ZwDelayExecution</name>
            <offset>12</offset>
          </function>
          <file></file>
          <line>
            <number></number>
            <offset></offset>
          </line>
        </frame>
        <frame>
          <module>C:\WINDOWS\System32\KERNELBASE.dll</module>
          <address>0023:776C0EB0</address>
          <function>
            <name>SleepEx</name>
            <offset>80</offset>
          </function>
          <file></file>
          <line>
            <number></number>
            <offset></offset>
          </line>
        </frame>
        <frame>
          <module>C:\WINDOWS\System32\KERNELBASE.dll</module>
          <address>0023:776C0E4F</address>
          <function>
            <name>Sleep</name>
            <offset>15</offset>
          </function>
          <file></file>
          <line>
            <number></number>
            <offset></offset>
          </line>
        </frame>
        <frame>
          <module>C:\AceTime\fmxPrevLib.dll</module>
          <address>0023:658E5E6B</address>
          <function>
            <name>CMIDATA::LogInfoData::GetDateType</name>
            <offset>121835</offset>
          </function>
          <file></file>
          <line>
            <number></number>
            <offset></offset>
          </line>
        </frame>
        <frame>
          <module>C:\AceTime\PocoFoundation.dll</module>
          <address>0023:656A69FB</address>
          <function>
            <name>Poco::ThreadImpl::runnableEntry</name>
            <offset>91</offset>
          </function>
          <file></file>
          <line>
            <number></number>
            <offset></offset>
          </line>
        </frame>
        <frame>
          <module>C:\WINDOWS\System32\KERNEL32.DLL</module>
          <address>0023:760A5D49</address>
          <function>
            <name>BaseThreadInitThunk</name>
            <offset>25</offset>
          </function>
          <file></file>
          <line>
            <number></number>
            <offset></offset>
          </line>
        </frame>
        <frame>
          <module>C:\WINDOWS\SYSTEM32\ntdll.dll</module>
          <address>0023:7799D5DB</address>
          <function>
            <name>RtlInitializeExceptionChain</name>
            <offset>107</offset>
          </function>
          <file></file>
          <line>
            <number></number>
            <offset></offset>
          </line>
        </frame>
        <frame>
          <module>C:\WINDOWS\SYSTEM32\ntdll.dll</module>
          <address>0023:7799D561</address>
          <function>
            <name>RtlGetAppContainerNamedObjectPath</name>
            <offset>561</offset>
          </function>
          <file></file>
          <line>
            <number></number>
            <offset></offset>
          </line>
        </frame>
      </stack>
    </thread>
    <thread>
      <id>8924</id>
      <status>running</status>
      <stack>
        <frame>
          <module>C:\WINDOWS\SYSTEM32\ntdll.dll</module>
          <address>0023:779A927C</address>
          <function>
            <name>ZwDelayExecution</name>
            <offset>12</offset>
          </function>
          <file></file>
          <line>
            <number></number>
            <offset></offset>
          </line>
        </frame>
        <frame>
          <module>C:\WINDOWS\System32\KERNELBASE.dll</module>
          <address>0023:776C0EB0</address>
          <function>
            <name>SleepEx</name>
            <offset>80</offset>
          </function>
          <file></file>
          <line>
            <number></number>
            <offset></offset>
          </line>
        </frame>
        <frame>
          <module>C:\WINDOWS\System32\KERNELBASE.dll</module>
          <address>0023:776C0E4F</address>
          <function>
            <name>Sleep</name>
            <offset>15</offset>
          </function>
          <file></file>
          <line>
            <number></number>
            <offset></offset>
          </line>
        </frame>
        <frame>
          <module>C:\AceTime\fmxPrevLib.dll</module>
          <address>0023:658E37E4</address>
          <function>
            <name>CMIDATA::LogInfoData::GetDateType</name>
            <offset>111972</offset>
          </function>
          <file></file>
          <line>
            <number></number>
            <offset></offset>
          </line>
        </frame>
        <frame>
          <module>C:\AceTime\PocoFoundation.dll</module>
          <address>0023:656A88A9</address>
          <function>
            <name>Poco::ThreadPool::joinAll</name>
            <offset>505</offset>
          </function>
          <file></file>
          <line>
            <number></number>
            <offset></offset>
          </line>
        </frame>
        <frame>
          <module>C:\AceTime\PocoFoundation.dll</module>
          <address>0023:656A69FB</address>
          <function>
            <name>Poco::ThreadImpl::runnableEntry</name>
            <offset>91</offset>
          </function>
          <file></file>
          <line>
            <number></number>
            <offset></offset>
          </line>
        </frame>
        <frame>
          <module>C:\WINDOWS\System32\KERNEL32.DLL</module>
          <address>0023:760A5D49</address>
          <function>
            <name>BaseThreadInitThunk</name>
            <offset>25</offset>
          </function>
          <file></file>
          <line>
            <number></number>
            <offset></offset>
          </line>
        </frame>
        <frame>
          <module>C:\WINDOWS\SYSTEM32\ntdll.dll</module>
          <address>0023:7799D5DB</address>
          <function>
            <name>RtlInitializeExceptionChain</name>
            <offset>107</offset>
          </function>
          <file></file>
          <line>
            <number></number>
            <offset></offset>
          </line>
        </frame>
        <frame>
          <module>C:\WINDOWS\SYSTEM32\ntdll.dll</module>
          <address>0023:7799D561</address>
          <function>
            <name>RtlGetAppContainerNamedObjectPath</name>
            <offset>561</offset>
          </function>
          <file></file>
          <line>
            <number></number>
            <offset></offset>
          </line>
        </frame>
      </stack>
    </thread>
    <thread>
      <id>8952</id>
      <status>running</status>
      <stack>
        <frame>
          <module>C:\WINDOWS\SYSTEM32\ntdll.dll</module>
          <address>0023:779A8F5C</address>
          <function>
            <name>ZwWaitForSingleObject</name>
            <offset>12</offset>
          </function>
          <file></file>
          <line>
            <number></number>
            <offset></offset>
          </line>
        </frame>
        <frame>
          <module>C:\WINDOWS\System32\KERNELBASE.dll</module>
          <address>0023:776B63D2</address>
          <function>
            <name>WaitForSingleObject</name>
            <offset>18</offset>
          </function>
          <file></file>
          <line>
            <number></number>
            <offset></offset>
          </line>
        </frame>
        <frame>
          <module>C:\AceTime\PocoFoundation.dll</module>
          <address>0023:656A52F5</address>
          <function>
            <name>Poco::EventImpl::waitImpl</name>
            <offset>37</offset>
          </function>
          <file></file>
          <line>
            <number></number>
            <offset></offset>
          </line>
        </frame>
        <frame>
          <module>C:\AceTime\PocoFoundation.dll</module>
          <address>0023:656A887C</address>
          <function>
            <name>Poco::ThreadPool::joinAll</name>
            <offset>460</offset>
          </function>
          <file></file>
          <line>
            <number></number>
            <offset></offset>
          </line>
        </frame>
        <frame>
          <module>C:\AceTime\PocoFoundation.dll</module>
          <address>0023:656A69FB</address>
          <function>
            <name>Poco::ThreadImpl::runnableEntry</name>
            <offset>91</offset>
          </function>
          <file></file>
          <line>
            <number></number>
            <offset></offset>
          </line>
        </frame>
        <frame>
          <module>C:\WINDOWS\System32\KERNEL32.DLL</module>
          <address>0023:760A5D49</address>
          <function>
            <name>BaseThreadInitThunk</name>
            <offset>25</offset>
          </function>
          <file></file>
          <line>
            <number></number>
            <offset></offset>
          </line>
        </frame>
        <frame>
          <module>C:\WINDOWS\SYSTEM32\ntdll.dll</module>
          <address>0023:7799D5DB</address>
          <function>
            <name>RtlInitializeExceptionChain</name>
            <offset>107</offset>
          </function>
          <file></file>
          <line>
            <number></number>
            <offset></offset>
          </line>
        </frame>
        <frame>
          <module>C:\WINDOWS\SYSTEM32\ntdll.dll</module>
          <address>0023:7799D561</address>
          <function>
            <name>RtlGetAppContainerNamedObjectPath</name>
            <offset>561</offset>
          </function>
          <file></file>
          <line>
            <number></number>
            <offset></offset>
          </line>
        </frame>
      </stack>
    </thread>
    <thread>
      <id>8920</id>
      <status>running</status>
      <stack>
        <frame>
          <module>C:\WINDOWS\SYSTEM32\ntdll.dll</module>
          <address>0023:779A8F5C</address>
          <function>
            <name>ZwWaitForSingleObject</name>
            <offset>12</offset>
          </function>
          <file></file>
          <line>
            <number></number>
            <offset></offset>
          </line>
        </frame>
        <frame>
          <module>C:\WINDOWS\System32\KERNELBASE.dll</module>
          <address>0023:776B63D2</address>
          <function>
            <name>WaitForSingleObject</name>
            <offset>18</offset>
          </function>
          <file></file>
          <line>
            <number></number>
            <offset></offset>
          </line>
        </frame>
        <frame>
          <module>C:\AceTime\PocoFoundation.dll</module>
          <address>0023:656A52F5</address>
          <function>
            <name>Poco::EventImpl::waitImpl</name>
            <offset>37</offset>
          </function>
          <file></file>
          <line>
            <number></number>
            <offset></offset>
          </line>
        </frame>
        <frame>
          <module>C:\AceTime\PocoFoundation.dll</module>
          <address>0023:656A887C</address>
          <function>
            <name>Poco::ThreadPool::joinAll</name>
            <offset>460</offset>
          </function>
          <file></file>
          <line>
            <number></number>
            <offset></offset>
          </line>
        </frame>
        <frame>
          <module>C:\AceTime\PocoFoundation.dll</module>
          <address>0023:656A69FB</address>
          <function>
            <name>Poco::ThreadImpl::runnableEntry</name>
            <offset>91</offset>
          </function>
          <file></file>
          <line>
            <number></number>
            <offset></offset>
          </line>
        </frame>
        <frame>
          <module>C:\WINDOWS\System32\KERNEL32.DLL</module>
          <address>0023:760A5D49</address>
          <function>
            <name>BaseThreadInitThunk</name>
            <offset>25</offset>
          </function>
          <file></file>
          <line>
            <number></number>
            <offset></offset>
          </line>
        </frame>
        <frame>
          <module>C:\WINDOWS\SYSTEM32\ntdll.dll</module>
          <address>0023:7799D5DB</address>
          <function>
            <name>RtlInitializeExceptionChain</name>
            <offset>107</offset>
          </function>
          <file></file>
          <line>
            <number></number>
            <offset></offset>
          </line>
        </frame>
        <frame>
          <module>C:\WINDOWS\SYSTEM32\ntdll.dll</module>
          <address>0023:7799D561</address>
          <function>
            <name>RtlGetAppContainerNamedObjectPath</name>
            <offset>561</offset>
          </function>
          <file></file>
          <line>
            <number></number>
            <offset></offset>
          </line>
        </frame>
      </stack>
    </thread>
    <thread>
      <id>18312</id>
      <status>running</status>
      <stack>
        <frame>
          <module>C:\WINDOWS\SYSTEM32\ntdll.dll</module>
          <address>0023:779A8F5C</address>
          <function>
            <name>ZwWaitForSingleObject</name>
            <offset>12</offset>
          </function>
          <file></file>
          <line>
            <number></number>
            <offset></offset>
          </line>
        </frame>
        <frame>
          <module>C:\WINDOWS\System32\KERNELBASE.dll</module>
          <address>0023:776B63D2</address>
          <function>
            <name>WaitForSingleObject</name>
            <offset>18</offset>
          </function>
          <file></file>
          <line>
            <number></number>
            <offset></offset>
          </line>
        </frame>
        <frame>
          <module>C:\AceTime\PocoFoundation.dll</module>
          <address>0023:656A52F5</address>
          <function>
            <name>Poco::EventImpl::waitImpl</name>
            <offset>37</offset>
          </function>
          <file></file>
          <line>
            <number></number>
            <offset></offset>
          </line>
        </frame>
        <frame>
          <module>C:\AceTime\PocoFoundation.dll</module>
          <address>0023:656A887C</address>
          <function>
            <name>Poco::ThreadPool::joinAll</name>
            <offset>460</offset>
          </function>
          <file></file>
          <line>
            <number></number>
            <offset></offset>
          </line>
        </frame>
        <frame>
          <module>C:\AceTime\PocoFoundation.dll</module>
          <address>0023:656A69FB</address>
          <function>
            <name>Poco::ThreadImpl::runnableEntry</name>
            <offset>91</offset>
          </function>
          <file></file>
          <line>
            <number></number>
            <offset></offset>
          </line>
        </frame>
        <frame>
          <module>C:\WINDOWS\System32\KERNEL32.DLL</module>
          <address>0023:760A5D49</address>
          <function>
            <name>BaseThreadInitThunk</name>
            <offset>25</offset>
          </function>
          <file></file>
          <line>
            <number></number>
            <offset></offset>
          </line>
        </frame>
        <frame>
          <module>C:\WINDOWS\SYSTEM32\ntdll.dll</module>
          <address>0023:7799D5DB</address>
          <function>
            <name>RtlInitializeExceptionChain</name>
            <offset>107</offset>
          </function>
          <file></file>
          <line>
            <number></number>
            <offset></offset>
          </line>
        </frame>
        <frame>
          <module>C:\WINDOWS\SYSTEM32\ntdll.dll</module>
          <address>0023:7799D561</address>
          <function>
            <name>RtlGetAppContainerNamedObjectPath</name>
            <offset>561</offset>
          </function>
          <file></file>
          <line>
            <number></number>
            <offset></offset>
          </line>
        </frame>
      </stack>
    </thread>
    <thread>
      <id>18248</id>
      <status>running</status>
      <stack>
        <frame>
          <module>C:\WINDOWS\SYSTEM32\ntdll.dll</module>
          <address>0023:779A8F5C</address>
          <function>
            <name>ZwWaitForSingleObject</name>
            <offset>12</offset>
          </function>
          <file></file>
          <line>
            <number></number>
            <offset></offset>
          </line>
        </frame>
        <frame>
          <module>C:\WINDOWS\System32\KERNELBASE.dll</module>
          <address>0023:776B63D2</address>
          <function>
            <name>WaitForSingleObject</name>
            <offset>18</offset>
          </function>
          <file></file>
          <line>
            <number></number>
            <offset></offset>
          </line>
        </frame>
        <frame>
          <module>C:\AceTime\PocoFoundation.dll</module>
          <address>0023:656A52F5</address>
          <function>
            <name>Poco::EventImpl::waitImpl</name>
            <offset>37</offset>
          </function>
          <file></file>
          <line>
            <number></number>
            <offset></offset>
          </line>
        </frame>
        <frame>
          <module>C:\AceTime\PocoFoundation.dll</module>
          <address>0023:656A887C</address>
          <function>
            <name>Poco::ThreadPool::joinAll</name>
            <offset>460</offset>
          </function>
          <file></file>
          <line>
            <number></number>
            <offset></offset>
          </line>
        </frame>
        <frame>
          <module>C:\AceTime\PocoFoundation.dll</module>
          <address>0023:656A69FB</address>
          <function>
            <name>Poco::ThreadImpl::runnableEntry</name>
            <offset>91</offset>
          </function>
          <file></file>
          <line>
            <number></number>
            <offset></offset>
          </line>
        </frame>
        <frame>
          <module>C:\WINDOWS\System32\KERNEL32.DLL</module>
          <address>0023:760A5D49</address>
          <function>
            <name>BaseThreadInitThunk</name>
            <offset>25</offset>
          </function>
          <file></file>
          <line>
            <number></number>
            <offset></offset>
          </line>
        </frame>
        <frame>
          <module>C:\WINDOWS\SYSTEM32\ntdll.dll</module>
          <address>0023:7799D5DB</address>
          <function>
            <name>RtlInitializeExceptionChain</name>
            <offset>107</offset>
          </function>
          <file></file>
          <line>
            <number></number>
            <offset></offset>
          </line>
        </frame>
        <frame>
          <module>C:\WINDOWS\SYSTEM32\ntdll.dll</module>
          <address>0023:7799D561</address>
          <function>
            <name>RtlGetAppContainerNamedObjectPath</name>
            <offset>561</offset>
          </function>
          <file></file>
          <line>
            <number></number>
            <offset></offset>
          </line>
        </frame>
      </stack>
    </thread>
    <thread>
      <id>18252</id>
      <status>running</status>
      <stack>
        <frame>
          <module>C:\WINDOWS\SYSTEM32\ntdll.dll</module>
          <address>0023:779A8F5C</address>
          <function>
            <name>ZwWaitForSingleObject</name>
            <offset>12</offset>
          </function>
          <file></file>
          <line>
            <number></number>
            <offset></offset>
          </line>
        </frame>
        <frame>
          <module>C:\WINDOWS\System32\KERNELBASE.dll</module>
          <address>0023:776B63D2</address>
          <function>
            <name>WaitForSingleObject</name>
            <offset>18</offset>
          </function>
          <file></file>
          <line>
            <number></number>
            <offset></offset>
          </line>
        </frame>
        <frame>
          <module>C:\AceTime\PocoFoundation.dll</module>
          <address>0023:656A52F5</address>
          <function>
            <name>Poco::EventImpl::waitImpl</name>
            <offset>37</offset>
          </function>
          <file></file>
          <line>
            <number></number>
            <offset></offset>
          </line>
        </frame>
        <frame>
          <module>C:\AceTime\PocoFoundation.dll</module>
          <address>0023:656A887C</address>
          <function>
            <name>Poco::ThreadPool::joinAll</name>
            <offset>460</offset>
          </function>
          <file></file>
          <line>
            <number></number>
            <offset></offset>
          </line>
        </frame>
        <frame>
          <module>C:\AceTime\PocoFoundation.dll</module>
          <address>0023:656A69FB</address>
          <function>
            <name>Poco::ThreadImpl::runnableEntry</name>
            <offset>91</offset>
          </function>
          <file></file>
          <line>
            <number></number>
            <offset></offset>
          </line>
        </frame>
        <frame>
          <module>C:\WINDOWS\System32\KERNEL32.DLL</module>
          <address>0023:760A5D49</address>
          <function>
            <name>BaseThreadInitThunk</name>
            <offset>25</offset>
          </function>
          <file></file>
          <line>
            <number></number>
            <offset></offset>
          </line>
        </frame>
        <frame>
          <module>C:\WINDOWS\SYSTEM32\ntdll.dll</module>
          <address>0023:7799D5DB</address>
          <function>
            <name>RtlInitializeExceptionChain</name>
            <offset>107</offset>
          </function>
          <file></file>
          <line>
            <number></number>
            <offset></offset>
          </line>
        </frame>
        <frame>
          <module>C:\WINDOWS\SYSTEM32\ntdll.dll</module>
          <address>0023:7799D561</address>
          <function>
            <name>RtlGetAppContainerNamedObjectPath</name>
            <offset>561</offset>
          </function>
          <file></file>
          <line>
            <number></number>
            <offset></offset>
          </line>
        </frame>
      </stack>
    </thread>
    <thread>
      <id>18256</id>
      <status>running</status>
      <stack>
        <frame>
          <module>C:\WINDOWS\SYSTEM32\ntdll.dll</module>
          <address>0023:779A8F5C</address>
          <function>
            <name>ZwWaitForSingleObject</name>
            <offset>12</offset>
          </function>
          <file></file>
          <line>
            <number></number>
            <offset></offset>
          </line>
        </frame>
        <frame>
          <module>C:\WINDOWS\System32\KERNELBASE.dll</module>
          <address>0023:776B63D2</address>
          <function>
            <name>WaitForSingleObject</name>
            <offset>18</offset>
          </function>
          <file></file>
          <line>
            <number></number>
            <offset></offset>
          </line>
        </frame>
        <frame>
          <module>C:\AceTime\PocoFoundation.dll</module>
          <address>0023:656A52F5</address>
          <function>
            <name>Poco::EventImpl::waitImpl</name>
            <offset>37</offset>
          </function>
          <file></file>
          <line>
            <number></number>
            <offset></offset>
          </line>
        </frame>
        <frame>
          <module>C:\AceTime\PocoFoundation.dll</module>
          <address>0023:656A887C</address>
          <function>
            <name>Poco::ThreadPool::joinAll</name>
            <offset>460</offset>
          </function>
          <file></file>
          <line>
            <number></number>
            <offset></offset>
          </line>
        </frame>
        <frame>
          <module>C:\AceTime\PocoFoundation.dll</module>
          <address>0023:656A69FB</address>
          <function>
            <name>Poco::ThreadImpl::runnableEntry</name>
            <offset>91</offset>
          </function>
          <file></file>
          <line>
            <number></number>
            <offset></offset>
          </line>
        </frame>
        <frame>
          <module>C:\WINDOWS\System32\KERNEL32.DLL</module>
          <address>0023:760A5D49</address>
          <function>
            <name>BaseThreadInitThunk</name>
            <offset>25</offset>
          </function>
          <file></file>
          <line>
            <number></number>
            <offset></offset>
          </line>
        </frame>
        <frame>
          <module>C:\WINDOWS\SYSTEM32\ntdll.dll</module>
          <address>0023:7799D5DB</address>
          <function>
            <name>RtlInitializeExceptionChain</name>
            <offset>107</offset>
          </function>
          <file></file>
          <line>
            <number></number>
            <offset></offset>
          </line>
        </frame>
        <frame>
          <module>C:\WINDOWS\SYSTEM32\ntdll.dll</module>
          <address>0023:7799D561</address>
          <function>
            <name>RtlGetAppContainerNamedObjectPath</name>
            <offset>561</offset>
          </function>
          <file></file>
          <line>
            <number></number>
            <offset></offset>
          </line>
        </frame>
      </stack>
    </thread>
    <thread>
      <id>18284</id>
      <status>running</status>
      <stack>
        <frame>
          <module>C:\WINDOWS\SYSTEM32\ntdll.dll</module>
          <address>0023:779A8F5C</address>
          <function>
            <name>ZwWaitForSingleObject</name>
            <offset>12</offset>
          </function>
          <file></file>
          <line>
            <number></number>
            <offset></offset>
          </line>
        </frame>
        <frame>
          <module>C:\WINDOWS\System32\KERNELBASE.dll</module>
          <address>0023:776B63D2</address>
          <function>
            <name>WaitForSingleObject</name>
            <offset>18</offset>
          </function>
          <file></file>
          <line>
            <number></number>
            <offset></offset>
          </line>
        </frame>
        <frame>
          <module>C:\AceTime\PocoFoundation.dll</module>
          <address>0023:656A52F5</address>
          <function>
            <name>Poco::EventImpl::waitImpl</name>
            <offset>37</offset>
          </function>
          <file></file>
          <line>
            <number></number>
            <offset></offset>
          </line>
        </frame>
        <frame>
          <module>C:\AceTime\PocoFoundation.dll</module>
          <address>0023:656A887C</address>
          <function>
            <name>Poco::ThreadPool::joinAll</name>
            <offset>460</offset>
          </function>
          <file></file>
          <line>
            <number></number>
            <offset></offset>
          </line>
        </frame>
        <frame>
          <module>C:\AceTime\PocoFoundation.dll</module>
          <address>0023:656A69FB</address>
          <function>
            <name>Poco::ThreadImpl::runnableEntry</name>
            <offset>91</offset>
          </function>
          <file></file>
          <line>
            <number></number>
            <offset></offset>
          </line>
        </frame>
        <frame>
          <module>C:\WINDOWS\System32\KERNEL32.DLL</module>
          <address>0023:760A5D49</address>
          <function>
            <name>BaseThreadInitThunk</name>
            <offset>25</offset>
          </function>
          <file></file>
          <line>
            <number></number>
            <offset></offset>
          </line>
        </frame>
        <frame>
          <module>C:\WINDOWS\SYSTEM32\ntdll.dll</module>
          <address>0023:7799D5DB</address>
          <function>
            <name>RtlInitializeExceptionChain</name>
            <offset>107</offset>
          </function>
          <file></file>
          <line>
            <number></number>
            <offset></offset>
          </line>
        </frame>
        <frame>
          <module>C:\WINDOWS\SYSTEM32\ntdll.dll</module>
          <address>0023:7799D561</address>
          <function>
            <name>RtlGetAppContainerNamedObjectPath</name>
            <offset>561</offset>
          </function>
          <file></file>
          <line>
            <number></number>
            <offset></offset>
          </line>
        </frame>
      </stack>
    </thread>
    <thread>
      <id>6812</id>
      <status>running</status>
      <stack>
        <frame>
          <module>C:\WINDOWS\SYSTEM32\ntdll.dll</module>
          <address>0023:779A8F5C</address>
          <function>
            <name>ZwWaitForSingleObject</name>
            <offset>12</offset>
          </function>
          <file></file>
          <line>
            <number></number>
            <offset></offset>
          </line>
        </frame>
        <frame>
          <module>C:\WINDOWS\System32\KERNELBASE.dll</module>
          <address>0023:776B63D2</address>
          <function>
            <name>WaitForSingleObject</name>
            <offset>18</offset>
          </function>
          <file></file>
          <line>
            <number></number>
            <offset></offset>
          </line>
        </frame>
        <frame>
          <module>C:\AceTime\PocoFoundation.dll</module>
          <address>0023:656A52F5</address>
          <function>
            <name>Poco::EventImpl::waitImpl</name>
            <offset>37</offset>
          </function>
          <file></file>
          <line>
            <number></number>
            <offset></offset>
          </line>
        </frame>
        <frame>
          <module>C:\AceTime\PocoFoundation.dll</module>
          <address>0023:656A887C</address>
          <function>
            <name>Poco::ThreadPool::joinAll</name>
            <offset>460</offset>
          </function>
          <file></file>
          <line>
            <number></number>
            <offset></offset>
          </line>
        </frame>
        <frame>
          <module>C:\AceTime\PocoFoundation.dll</module>
          <address>0023:656A69FB</address>
          <function>
            <name>Poco::ThreadImpl::runnableEntry</name>
            <offset>91</offset>
          </function>
          <file></file>
          <line>
            <number></number>
            <offset></offset>
          </line>
        </frame>
        <frame>
          <module>C:\WINDOWS\System32\KERNEL32.DLL</module>
          <address>0023:760A5D49</address>
          <function>
            <name>BaseThreadInitThunk</name>
            <offset>25</offset>
          </function>
          <file></file>
          <line>
            <number></number>
            <offset></offset>
          </line>
        </frame>
        <frame>
          <module>C:\WINDOWS\SYSTEM32\ntdll.dll</module>
          <address>0023:7799D5DB</address>
          <function>
            <name>RtlInitializeExceptionChain</name>
            <offset>107</offset>
          </function>
          <file></file>
          <line>
            <number></number>
            <offset></offset>
          </line>
        </frame>
        <frame>
          <module>C:\WINDOWS\SYSTEM32\ntdll.dll</module>
          <address>0023:7799D561</address>
          <function>
            <name>RtlGetAppContainerNamedObjectPath</name>
            <offset>561</offset>
          </function>
          <file></file>
          <line>
            <number></number>
            <offset></offset>
          </line>
        </frame>
      </stack>
    </thread>
    <thread>
      <id>8108</id>
      <status>running</status>
      <stack>
        <frame>
          <module>C:\WINDOWS\SYSTEM32\ntdll.dll</module>
          <address>0023:779A8F5C</address>
          <function>
            <name>ZwWaitForSingleObject</name>
            <offset>12</offset>
          </function>
          <file></file>
          <line>
            <number></number>
            <offset></offset>
          </line>
        </frame>
        <frame>
          <module>C:\WINDOWS\System32\KERNELBASE.dll</module>
          <address>0023:776B63D2</address>
          <function>
            <name>WaitForSingleObject</name>
            <offset>18</offset>
          </function>
          <file></file>
          <line>
            <number></number>
            <offset></offset>
          </line>
        </frame>
        <frame>
          <module>C:\AceTime\PocoFoundation.dll</module>
          <address>0023:656A52F5</address>
          <function>
            <name>Poco::EventImpl::waitImpl</name>
            <offset>37</offset>
          </function>
          <file></file>
          <line>
            <number></number>
            <offset></offset>
          </line>
        </frame>
        <frame>
          <module>C:\AceTime\PocoFoundation.dll</module>
          <address>0023:656A887C</address>
          <function>
            <name>Poco::ThreadPool::joinAll</name>
            <offset>460</offset>
          </function>
          <file></file>
          <line>
            <number></number>
            <offset></offset>
          </line>
        </frame>
        <frame>
          <module>C:\AceTime\PocoFoundation.dll</module>
          <address>0023:656A69FB</address>
          <function>
            <name>Poco::ThreadImpl::runnableEntry</name>
            <offset>91</offset>
          </function>
          <file></file>
          <line>
            <number></number>
            <offset></offset>
          </line>
        </frame>
        <frame>
          <module>C:\WINDOWS\System32\KERNEL32.DLL</module>
          <address>0023:760A5D49</address>
          <function>
            <name>BaseThreadInitThunk</name>
            <offset>25</offset>
          </function>
          <file></file>
          <line>
            <number></number>
            <offset></offset>
          </line>
        </frame>
        <frame>
          <module>C:\WINDOWS\SYSTEM32\ntdll.dll</module>
          <address>0023:7799D5DB</address>
          <function>
            <name>RtlInitializeExceptionChain</name>
            <offset>107</offset>
          </function>
          <file></file>
          <line>
            <number></number>
            <offset></offset>
          </line>
        </frame>
        <frame>
          <module>C:\WINDOWS\SYSTEM32\ntdll.dll</module>
          <address>0023:7799D561</address>
          <function>
            <name>RtlGetAppContainerNamedObjectPath</name>
            <offset>561</offset>
          </function>
          <file></file>
          <line>
            <number></number>
            <offset></offset>
          </line>
        </frame>
      </stack>
    </thread>
    <thread>
      <id>6916</id>
      <status>running</status>
      <stack>
        <frame>
          <module>C:\WINDOWS\SYSTEM32\ntdll.dll</module>
          <address>0023:779A8F5C</address>
          <function>
            <name>ZwWaitForSingleObject</name>
            <offset>12</offset>
          </function>
          <file></file>
          <line>
            <number></number>
            <offset></offset>
          </line>
        </frame>
        <frame>
          <module>C:\WINDOWS\System32\KERNELBASE.dll</module>
          <address>0023:776B63D2</address>
          <function>
            <name>WaitForSingleObject</name>
            <offset>18</offset>
          </function>
          <file></file>
          <line>
            <number></number>
            <offset></offset>
          </line>
        </frame>
        <frame>
          <module>C:\AceTime\BugTrapU.dll</module>
          <address>0023:01683618</address>
          <function>
            <name>BT_CallNetFilter</name>
            <offset>6863</offset>
          </function>
          <file></file>
          <line>
            <number></number>
            <offset></offset>
          </line>
        </frame>
        <frame>
          <module>C:\AceTime\BugTrapU.dll</module>
          <address>0023:01682480</address>
          <function>
            <name>BT_CallNetFilter</name>
            <offset>2359</offset>
          </function>
          <file></file>
          <line>
            <number></number>
            <offset></offset>
          </line>
        </frame>
        <frame>
          <module>C:\AceTime\BugTrapU.dll</module>
          <address>0023:01681A70</address>
          <function>
            <name>BT_SehFilter</name>
            <offset>11</offset>
          </function>
          <file></file>
          <line>
            <number></number>
            <offset></offset>
          </line>
        </frame>
        <frame>
          <module>C:\WINDOWS\SYSTEM32\ntdll.dll</module>
          <address>0023:7799D66D</address>
          <function>
            <name>RtlInitializeExceptionChain</name>
            <offset>253</offset>
          </function>
          <file></file>
          <line>
            <number></number>
            <offset></offset>
          </line>
        </frame>
        <frame>
          <module>C:\WINDOWS\SYSTEM32\ntdll.dll</module>
          <address>0023:7799D561</address>
          <function>
            <name>RtlGetAppContainerNamedObjectPath</name>
            <offset>561</offset>
          </function>
          <file></file>
          <line>
            <number></number>
            <offset></offset>
          </line>
        </frame>
      </stack>
    </thread>
    <thread>
      <id>13304</id>
      <status>running</status>
      <stack>
        <frame>
          <module>C:\WINDOWS\SYSTEM32\ntdll.dll</module>
          <address>0023:779AAD9C</address>
          <function>
            <name>ZwWaitForWorkViaWorkerFactory</name>
            <offset>12</offset>
          </function>
          <file></file>
          <line>
            <number></number>
            <offset></offset>
          </line>
        </frame>
        <frame>
          <module>C:\WINDOWS\System32\KERNEL32.DLL</module>
          <address>0023:760A5D49</address>
          <function>
            <name>BaseThreadInitThunk</name>
            <offset>25</offset>
          </function>
          <file></file>
          <line>
            <number></number>
            <offset></offset>
          </line>
        </frame>
        <frame>
          <module>C:\WINDOWS\SYSTEM32\ntdll.dll</module>
          <address>0023:7799D5DB</address>
          <function>
            <name>RtlInitializeExceptionChain</name>
            <offset>107</offset>
          </function>
          <file></file>
          <line>
            <number></number>
            <offset></offset>
          </line>
        </frame>
        <frame>
          <module>C:\WINDOWS\SYSTEM32\ntdll.dll</module>
          <address>0023:7799D561</address>
          <function>
            <name>RtlGetAppContainerNamedObjectPath</name>
            <offset>561</offset>
          </function>
          <file></file>
          <line>
            <number></number>
            <offset></offset>
          </line>
        </frame>
      </stack>
    </thread>
  </threads>
  <cmdline>"C:\AceTime\AceTime.exe" </cmdline>
  <curdir>C:\AceTime</curdir>
  <environment>
    <variable>
      <name>ALLUSERSPROFILE</name>
      <value>C:\ProgramData</value>
    </variable>
    <variable>
      <name>APPDATA</name>
      <value>C:\Users\winn\AppData\Roaming</value>
    </variable>
    <variable>
      <name>CommonProgramFiles</name>
      <value>C:\Program Files (x86)\Common Files</value>
    </variable>
    <variable>
      <name>CommonProgramFiles(x86)</name>
      <value>C:\Program Files (x86)\Common Files</value>
    </variable>
    <variable>
      <name>CommonProgramW6432</name>
      <value>C:\Program Files\Common Files</value>
    </variable>
    <variable>
      <name>COMPUTERNAME</name>
      <value>DESKTOP-FS5MBM1</value>
    </variable>
    <variable>
      <name>ComSpec</name>
      <value>C:\WINDOWS\system32\cmd.exe</value>
    </variable>
    <variable>
      <name>DriverData</name>
      <value>C:\Windows\System32\Drivers\DriverData</value>
    </variable>
    <variable>
      <name>HOMEDRIVE</name>
      <value>C:</value>
    </variable>
    <variable>
      <name>HOMEPATH</name>
      <value>\Users\winn</value>
    </variable>
    <variable>
      <name>LOCALAPPDATA</name>
      <value>C:\Users\winn\AppData\Local</value>
    </variable>
    <variable>
      <name>LOGONSERVER</name>
      <value>\\DESKTOP-FS5MBM1</value>
    </variable>
    <variable>
      <name>NUMBER_OF_PROCESSORS</name>
      <value>12</value>
    </variable>
    <variable>
      <name>OneDrive</name>
      <value>C:\Users\winn\OneDrive</value>
    </variable>
    <variable>
      <name>OS</name>
      <value>Windows_NT</value>
    </variable>
    <variable>
      <name>Path</name>
      <value>C:\WINDOWS\system32;C:\WINDOWS;C:\WINDOWS\System32\Wbem;C:\WINDOWS\System32\WindowsPowerShell\v1.0\;C:\WINDOWS\System32\OpenSSH\;C:\Program Files (x86)\Windows Kits\10\Windows Performance Toolkit\;C:\Program Files\dotnet\;C:\Program Files\Bandizip\;C:\Users\winn\AppData\Local\Microsoft\WindowsApps</value>
    </variable>
    <variable>
      <name>PATHEXT</name>
      <value>.COM;.EXE;.BAT;.CMD;.VBS;.VBE;.JS;.JSE;.WSF;.WSH;.MSC</value>
    </variable>
    <variable>
      <name>PROCESSOR_ARCHITECTURE</name>
      <value>x86</value>
    </variable>
    <variable>
      <name>PROCESSOR_ARCHITEW6432</name>
      <value>AMD64</value>
    </variable>
    <variable>
      <name>PROCESSOR_IDENTIFIER</name>
      <value>AMD64 Family 25 Model 117 Stepping 2, AuthenticAMD</value>
    </variable>
    <variable>
      <name>PROCESSOR_LEVEL</name>
      <value>25</value>
    </variable>
    <variable>
      <name>PROCESSOR_REVISION</name>
      <value>7502</value>
    </variable>
    <variable>
      <name>ProgramData</name>
      <value>C:\ProgramData</value>
    </variable>
    <variable>
      <name>ProgramFiles</name>
      <value>C:\Program Files (x86)</value>
    </variable>
    <variable>
      <name>ProgramFiles(x86)</name>
      <value>C:\Program Files (x86)</value>
    </variable>
    <variable>
      <name>ProgramW6432</name>
      <value>C:\Program Files</value>
    </variable>
    <variable>
      <name>PSModulePath</name>
      <value>C:\Program Files\WindowsPowerShell\Modules;C:\WINDOWS\system32\WindowsPowerShell\v1.0\Modules</value>
    </variable>
    <variable>
      <name>PUBLIC</name>
      <value>C:\Users\Public</value>
    </variable>
    <variable>
      <name>SystemDrive</name>
      <value>C:</value>
    </variable>
    <variable>
      <name>SystemRoot</name>
      <value>C:\WINDOWS</value>
    </variable>
    <variable>
      <name>TEMP</name>
      <value>C:\Users\winn\AppData\Local\Temp</value>
    </variable>
    <variable>
      <name>TMP</name>
      <value>C:\Users\winn\AppData\Local\Temp</value>
    </variable>
    <variable>
      <name>TMPDIR</name>
      <value>C:\Users\Public\Documents\ESTsoft\CreatorTemp</value>
    </variable>
    <variable>
      <name>USERDOMAIN</name>
      <value>DESKTOP-FS5MBM1</value>
    </variable>
    <variable>
      <name>USERDOMAIN_ROAMINGPROFILE</name>
      <value>DESKTOP-FS5MBM1</value>
    </variable>
    <variable>
      <name>USERNAME</name>
      <value>winn</value>
    </variable>
    <variable>
      <name>USERPROFILE</name>
      <value>C:\Users\winn</value>
    </variable>
    <variable>
      <name>windir</name>
      <value>C:\WINDOWS</value>
    </variable>
  </environment>
  <processes>
    <process>
      <name>AceTime.exe</name>
      <id>8436</id>
      <modules>
        <module>
          <name>C:\AceTime\AceTime.exe</name>
          <version>1.0.0.1</version>
          <base>0x004D0000</base>
          <size>0x002E8000</size>
        </module>
        <module>
          <name>C:\WINDOWS\SYSTEM32\ntdll.dll</name>
          <version>6.2.26100.7623</version>
          <base>0x77930000</base>
          <size>0x001BF000</size>
        </module>
        <module>
          <name>C:\WINDOWS\System32\KERNEL32.DLL</name>
          <version>6.2.26100.7623</version>
          <base>0x76090000</base>
          <size>0x000F0000</size>
        </module>
        <module>
          <name>C:\WINDOWS\System32\KERNELBASE.dll</name>
          <version>6.2.26100.7623</version>
          <base>0x77560000</base>
          <size>0x002C7000</size>
        </module>
        <module>
          <name>C:\WINDOWS\System32\USER32.dll</name>
          <version>6.2.26100.7623</version>
          <base>0x75EC0000</base>
          <size>0x001CB000</size>
        </module>
        <module>
          <name>C:\WINDOWS\System32\win32u.dll</name>
          <version>6.2.26100.7623</version>
          <base>0x76AE0000</base>
          <size>0x0001A000</size>
        </module>
        <module>
          <name>C:\WINDOWS\SYSTEM32\mfc140u.dll</name>
          <version>14.38.33130.0</version>
          <base>0x65E40000</base>
          <size>0x004A8000</size>
        </module>
        <module>
          <name>C:\WINDOWS\System32\GDI32.dll</name>
          <version>6.2.26100.7309</version>
          <base>0x75DA0000</base>
          <size>0x00023000</size>
        </module>
        <module>
          <name>C:\WINDOWS\System32\gdi32full.dll</name>
          <version>6.2.26100.7623</version>
          <base>0x77830000</base>
          <size>0x000EB000</size>
        </module>
        <module>
          <name>C:\WINDOWS\System32\ADVAPI32.dll</name>
          <version>6.2.26100.7309</version>
          <base>0x758A0000</base>
          <size>0x0007F000</size>
        </module>
        <module>
          <name>C:\WINDOWS\System32\msvcrt.dll</name>
          <version>7.0.26100.7623</version>
          <base>0x76CC0000</base>
          <size>0x000C7000</size>
        </module>
        <module>
          <name>C:\WINDOWS\System32\msvcp_win.dll</name>
          <version>6.2.26100.7623</version>
          <base>0x75DD0000</base>
          <size>0x00085000</size>
        </module>
        <module>
          <name>C:\WINDOWS\System32\ucrtbase.dll</name>
          <version>6.2.26100.7623</version>
          <base>0x75B00000</base>
          <size>0x00110000</size>
        </module>
        <module>
          <name>C:\WINDOWS\System32\sechost.dll</name>
          <version>6.2.26100.7623</version>
          <base>0x76660000</base>
          <size>0x00083000</size>
        </module>
        <module>
          <name>C:\WINDOWS\System32\RPCRT4.dll</name>
          <version>6.2.26100.7623</version>
          <base>0x76990000</base>
          <size>0x000BC000</size>
        </module>
        <module>
          <name>C:\WINDOWS\System32\SHELL32.dll</name>
          <version>6.2.26100.7623</version>
          <base>0x76EC0000</base>
          <size>0x0062D000</size>
        </module>
        <module>
          <name>C:\WINDOWS\System32\ole32.dll</name>
          <version>6.2.26100.7623</version>
          <base>0x762A0000</base>
          <size>0x00153000</size>
        </module>
        <module>
          <name>C:\WINDOWS\System32\combase.dll</name>
          <version>6.2.26100.7623</version>
          <base>0x766F0000</base>
          <size>0x00293000</size>
        </module>
        <module>
          <name>C:\WINDOWS\System32\wintypes.dll</name>
          <version>6.2.26100.7623</version>
          <base>0x76B10000</base>
          <size>0x000F9000</size>
        </module>
        <module>
          <name>C:\WINDOWS\System32\OLEAUT32.dll</name>
          <version>6.2.26100.7309</version>
          <base>0x76E10000</base>
          <size>0x0009E000</size>
        </module>
        <module>
          <name>C:\WINDOWS\SYSTEM32\MSIMG32.dll</name>
          <version>6.2.26100.1882</version>
          <base>0x74F10000</base>
          <size>0x00006000</size>
        </module>
        <module>
          <name>C:\WINDOWS\System32\SHLWAPI.dll</name>
          <version>6.2.26100.7623</version>
          <base>0x75E60000</base>
          <size>0x00052000</size>
        </module>
        <module>
          <name>C:\WINDOWS\System32\IMM32.dll</name>
          <version>6.2.26100.7309</version>
          <base>0x75870000</base>
          <size>0x00025000</size>
        </module>
        <module>
          <name>C:\WINDOWS\SYSTEM32\VCRUNTIME140.dll</name>
          <version>14.38.33130.0</version>
          <base>0x67470000</base>
          <size>0x00015000</size>
        </module>
        <module>
          <name>C:\WINDOWS\System32\WS2_32.dll</name>
          <version>6.2.26100.7623</version>
          <base>0x76A50000</base>
          <size>0x00061000</size>
        </module>
        <module>
          <name>C:\WINDOWS\WinSxS\x86_microsoft.windows.common-controls_6595b64144ccf1df_6.0.26100.7623_none_85b5be99f7b06325\COMCTL32.dll</name>
          <version>6.10.26100.7623</version>
          <base>0x70580000</base>
          <size>0x0022A000</size>
        </module>
        <module>
          <name>C:\WINDOWS\SYSTEM32\UxTheme.dll</name>
          <version>6.2.26100.7309</version>
          <base>0x74DF0000</base>
          <size>0x00081000</size>
        </module>
        <module>
          <name>C:\WINDOWS\WinSxS\x86_microsoft.windows.gdiplus_6595b64144ccf1df_1.1.26100.7309_none_b69e28a752454318\gdiplus.dll</name>
          <version>6.2.26100.7309</version>
          <base>0x74A70000</base>
          <size>0x0017D000</size>
        </module>
        <module>
          <name>C:\WINDOWS\SYSTEM32\MSVCP140.dll</name>
          <version>14.38.33130.0</version>
          <base>0x66910000</base>
          <size>0x0006D000</size>
        </module>
        <module>
          <name>C:\AceTime\fmxPrevLib.dll</name>
          <version></version>
          <base>0x658A0000</base>
          <size>0x000C0000</size>
        </module>
        <module>
          <name>C:\AceTime\libmariadb.dll</name>
          <version>3.0.0.7</version>
          <base>0x65960000</base>
          <size>0x000CE000</size>
        </module>
        <module>
          <name>C:\AceTime\SpdLogger.dll</name>
          <version>1.0.0.1</version>
          <base>0x65400000</base>
          <size>0x00259000</size>
        </module>
        <module>
          <name>C:\WINDOWS\System32\CRYPT32.dll</name>
          <version>6.2.26100.7309</version>
          <base>0x76190000</base>
          <size>0x00109000</size>
        </module>
        <module>
          <name>C:\WINDOWS\SYSTEM32\WINMM.dll</name>
          <version>6.2.26100.7309</version>
          <base>0x74900000</base>
          <size>0x00033000</size>
        </module>
        <module>
          <name>C:\WINDOWS\SYSTEM32\IPHLPAPI.DLL</name>
          <version>6.2.26100.7309</version>
          <base>0x71520000</base>
          <size>0x00027000</size>
        </module>
        <module>
          <name>C:\WINDOWS\SYSTEM32\WINSPOOL.DRV</name>
          <version>6.2.26100.7309</version>
          <base>0x74E80000</base>
          <size>0x0008A000</size>
        </module>
        <module>
          <name>C:\WINDOWS\System32\shcore.dll</name>
          <version>6.2.26100.7623</version>
          <base>0x76460000</base>
          <size>0x000D1000</size>
        </module>
        <module>
          <name>C:\WINDOWS\SYSTEM32\OLEACC.dll</name>
          <version>7.2.26100.7309</version>
          <base>0x74BF0000</base>
          <size>0x0005E000</size>
        </module>
        <module>
          <name>C:\WINDOWS\SYSTEM32\Secur32.dll</name>
          <version>6.2.26100.1</version>
          <base>0x71550000</base>
          <size>0x0000A000</size>
        </module>
        <module>
          <name>C:\WINDOWS\SYSTEM32\cfgmgr32.dll</name>
          <version>6.2.26100.7309</version>
          <base>0x74A20000</base>
          <size>0x00043000</size>
        </module>
        <module>
          <name>C:\WINDOWS\SYSTEM32\CRYPTBASE.DLL</name>
          <version>6.2.26100.7623</version>
          <base>0x73F20000</base>
          <size>0x0000A000</size>
        </module>
        <module>
          <name>C:\WINDOWS\SYSTEM32\SSPICLI.DLL</name>
          <version>6.2.26100.7309</version>
          <base>0x75020000</base>
          <size>0x0002B000</size>
        </module>
        <module>
          <name>C:\AceTime\cximagecrtu.dll</name>
          <version>7.0.2.0</version>
          <base>0x10000000</base>
          <size>0x00169000</size>
        </module>
        <module>
          <name>C:\WINDOWS\WinSxS\x86_microsoft.vc90.crt_1fc8b3b9a1e18e3b_9.0.30729.9635_none_508ff82ebcbafee0\MSVCR90.dll</name>
          <version>9.0.30729.9635</version>
          <base>0x63E20000</base>
          <size>0x000A3000</size>
        </module>
        <module>
          <name>C:\WINDOWS\WinSxS\x86_microsoft.vc90.crt_1fc8b3b9a1e18e3b_9.0.30729.9635_none_508ff82ebcbafee0\MSVCP90.dll</name>
          <version>9.0.30729.9635</version>
          <base>0x63D90000</base>
          <size>0x0008E000</size>
        </module>
        <module>
          <name>C:\AceTime\PocoNetSSL.dll</name>
          <version>1.7.5.0</version>
          <base>0x65870000</base>
          <size>0x00030000</size>
        </module>
        <module>
          <name>C:\AceTime\PocoNet.dll</name>
          <version></version>
          <base>0x65790000</base>
          <size>0x000B2000</size>
        </module>
        <module>
          <name>C:\AceTime\libusb0.dll</name>
          <version>1.2.6.0</version>
          <base>0x65850000</base>
          <size>0x00011000</size>
        </module>
        <module>
          <name>C:\AceTime\PocoFoundation.dll</name>
          <version>1.7.5.0</version>
          <base>0x65660000</base>
          <size>0x0012C000</size>
        </module>
        <module>
          <name>C:\WINDOWS\System32\SETUPAPI.dll</name>
          <version>6.2.26100.7309</version>
          <base>0x75410000</base>
          <size>0x00453000</size>
        </module>
        <module>
          <name>C:\AceTime\LIBEAY32.dll</name>
          <version>1.0.2.21</version>
          <base>0x65080000</base>
          <size>0x0013D000</size>
        </module>
        <module>
          <name>C:\AceTime\SSLEAY32.dll</name>
          <version>1.0.2.21</version>
          <base>0x65240000</base>
          <size>0x00047000</size>
        </module>
        <module>
          <name>C:\WINDOWS\SYSTEM32\MSVCP120.dll</name>
          <version>12.0.21005.1</version>
          <base>0x65380000</base>
          <size>0x00071000</size>
        </module>
        <module>
          <name>C:\AceTime\PocoCrypto.dll</name>
          <version>1.7.5.0</version>
          <base>0x65220000</base>
          <size>0x00019000</size>
        </module>
        <module>
          <name>C:\WINDOWS\SYSTEM32\MSVCR120.dll</name>
          <version>12.0.21005.1</version>
          <base>0x65290000</base>
          <size>0x000EE000</size>
        </module>
        <module>
          <name>C:\AceTime\PocoUtil.dll</name>
          <version></version>
          <base>0x651C0000</base>
          <size>0x00053000</size>
        </module>
        <module>
          <name>C:\AceTime\PocoXML.dll</name>
          <version></version>
          <base>0x64FD0000</base>
          <size>0x0006C000</size>
        </module>
        <module>
          <name>C:\AceTime\PocoJSON.dll</name>
          <version></version>
          <base>0x65040000</base>
          <size>0x00034000</size>
        </module>
        <module>
          <name>C:\AceTime\BugTrapU.dll</name>
          <version>0.0.0.1</version>
          <base>0x01670000</base>
          <size>0x00057000</size>
        </module>
        <module>
          <name>C:\WINDOWS\System32\COMDLG32.dll</name>
          <version>6.2.26100.7623</version>
          <base>0x759C0000</base>
          <size>0x000B4000</size>
        </module>
        <module>
          <name>C:\WINDOWS\SYSTEM32\VERSION.dll</name>
          <version>6.2.26100.1</version>
          <base>0x74F20000</base>
          <size>0x00008000</size>
        </module>
        <module>
          <name>C:\WINDOWS\SYSTEM32\WININET.dll</name>
          <version>11.0.26100.7309</version>
          <base>0x6D560000</base>
          <size>0x00224000</size>
        </module>
        <module>
          <name>C:\WINDOWS\System32\MSCTF.dll</name>
          <version>6.2.26100.7623</version>
          <base>0x76540000</base>
          <size>0x0011A000</size>
        </module>
        <module>
          <name>C:\WINDOWS\SYSTEM32\kernel.appcore.dll</name>
          <version>6.2.26100.7309</version>
          <base>0x74850000</base>
          <size>0x00015000</size>
        </module>
        <module>
          <name>C:\WINDOWS\System32\bcryptPrimitives.dll</name>
          <version>6.2.26100.7623</version>
          <base>0x76D90000</base>
          <size>0x00074000</size>
        </module>
        <module>
          <name>C:\WINDOWS\SYSTEM32\Windows.Storage.dll</name>
          <version>6.2.26100.7623</version>
          <base>0x72320000</base>
          <size>0x006DF000</size>
        </module>
        <module>
          <name>C:\WINDOWS\SYSTEM32\RICHED20.DLL</name>
          <version>5.31.23.1231</version>
          <base>0x701B0000</base>
          <size>0x0007D000</size>
        </module>
        <module>
          <name>C:\WINDOWS\SYSTEM32\msls31.dll</name>
          <version>3.10.349.0</version>
          <base>0x70160000</base>
          <size>0x0002C000</size>
        </module>
        <module>
          <name>C:\WINDOWS\SYSTEM32\USP10.dll</name>
          <version>6.2.26100.1</version>
          <base>0x70190000</base>
          <size>0x00017000</size>
        </module>
        <module>
          <name>C:\WINDOWS\SYSTEM32\WindowsCodecs.dll</name>
          <version>6.2.26100.7623</version>
          <base>0x6ECC0000</base>
          <size>0x001E2000</size>
        </module>
        <module>
          <name>C:\WINDOWS\SYSTEM32\TextShaping.dll</name>
          <version>6.2.26100.7309</version>
          <base>0x6EAB0000</base>
          <size>0x000A5000</size>
        </module>
        <module>
          <name>C:\WINDOWS\SYSTEM32\textinputframework.dll</name>
          <version>6.2.26100.7309</version>
          <base>0x6C7B0000</base>
          <size>0x00104000</size>
        </module>
        <module>
          <name>C:\WINDOWS\SYSTEM32\CoreMessaging.dll</name>
          <version>6.2.26100.7623</version>
          <base>0x6E930000</base>
          <size>0x000DD000</size>
        </module>
        <module>
          <name>C:\WINDOWS\SYSTEM32\CoreUIComponents.dll</name>
          <version>6.2.26100.7623</version>
          <base>0x63ED0000</base>
          <size>0x00292000</size>
        </module>
        <module>
          <name>C:\WINDOWS\system32\napinsp.dll</name>
          <version>6.2.26100.1</version>
          <base>0x6E7D0000</base>
          <size>0x00012000</size>
        </module>
        <module>
          <name>C:\WINDOWS\System32\mswsock.dll</name>
          <version>6.2.26100.7309</version>
          <base>0x73EC0000</base>
          <size>0x00054000</size>
        </module>
        <module>
          <name>C:\WINDOWS\SYSTEM32\DNSAPI.dll</name>
          <version>6.2.26100.7309</version>
          <base>0x708C0000</base>
          <size>0x000E2000</size>
        </module>
        <module>
          <name>C:\WINDOWS\System32\NSI.dll</name>
          <version>6.2.26100.7623</version>
          <base>0x76C10000</base>
          <size>0x00007000</size>
        </module>
        <module>
          <name>C:\WINDOWS\System32\winrnr.dll</name>
          <version>6.2.26100.1882</version>
          <base>0x6D1B0000</base>
          <size>0x0000E000</size>
        </module>
        <module>
          <name>C:\WINDOWS\system32\nlansp_c.dll</name>
          <version>6.2.26100.7309</version>
          <base>0x6D190000</base>
          <size>0x00019000</size>
        </module>
        <module>
          <name>C:\WINDOWS\system32\wshbth.dll</name>
          <version>6.2.26100.5074</version>
          <base>0x6D000000</base>
          <size>0x00012000</size>
        </module>
        <module>
          <name>C:\Windows\System32\rasadhlp.dll</name>
          <version>6.2.26100.6584</version>
          <base>0x70840000</base>
          <size>0x00008000</size>
        </module>
        <module>
          <name>C:\WINDOWS\system32\apphelp.dll</name>
          <version>6.2.26100.7309</version>
          <base>0x67EA0000</base>
          <size>0x000AE000</size>
        </module>
        <module>
          <name>C:\WINDOWS\System32\clbcatq.dll</name>
          <version>2001.12.10941.16384</version>
          <base>0x75930000</base>
          <size>0x0008A000</size>
        </module>
        <module>
          <name>C:\AceTime\FPSPRU70.ocx</name>
          <version>7.0.0.25</version>
          <base>0x037E0000</base>
          <size>0x001CE000</size>
        </module>
        <module>
          <name>C:\WINDOWS\SYSTEM32\OLEPRO32.DLL</name>
          <version>6.2.26100.7623</version>
          <base>0x57D60000</base>
          <size>0x00022000</size>
        </module>
        <module>
          <name>C:\WINDOWS\SYSTEM32\MFC42u.DLL</name>
          <version>6.6.8063.0</version>
          <base>0x57C30000</base>
          <size>0x00128000</size>
        </module>
        <module>
          <name>C:\WINDOWS\System32\coml2.dll</name>
          <version>6.2.26100.7309</version>
          <base>0x753A0000</base>
          <size>0x00062000</size>
        </module>
        <module>
          <name>C:\WINDOWS\system32\asycfilt.dll</name>
          <version>6.2.26100.1</version>
          <base>0x57C10000</base>
          <size>0x00016000</size>
        </module>
        <module>
          <name>C:\WINDOWS\SYSTEM32\DWrite.dll</name>
          <version>6.2.26100.7623</version>
          <base>0x6EF60000</base>
          <size>0x00213000</size>
        </module>
        <module>
          <name>C:\WINDOWS\System32\PSAPI.DLL</name>
          <version>6.2.26100.1</version>
          <base>0x75AF0000</base>
          <size>0x00006000</size>
        </module>
        <module>
          <name>C:\WINDOWS\SYSTEM32\DBGHELP.DLL</name>
          <version>6.2.26100.5074</version>
          <base>0x750B0000</base>
          <size>0x001E0000</size>
        </module>
        <module>
          <name>C:\WINDOWS\SYSTEM32\dbgcore.DLL</name>
          <version>6.2.26100.7309</version>
          <base>0x64580000</base>
          <size>0x00030000</size>
        </module>
        <module>
          <name>C:\WINDOWS\System32\fwpuclnt.dll</name>
          <version>6.2.26100.7309</version>
          <base>0x70850000</base>
          <size>0x00062000</size>
        </module>
      </modules>
    </process>
  </processes>
</report>